CityName,TouristSpot,Description,Images,Maps,Hotels,Attractions,Meals
Argentina,Iguazu Falls,"
The stunning Iguazu Falls lie along Argentina's border with Brazil, with Iguazu National Park on the Argentinian side and Iguazu National Park on the Brazilian side. Protected as a UNESCO World Heritage Site, these huge waterfalls are undoubtedly one of the most spectacular sights in South America.Visitors can get quite close to these thundering falls thanks to a network of easily accessible walkways and viewing platforms designed to provide the best possible views, including some at the bottom of the falls, an area known as the Devil's Throat.Iguazu is, in fact, made up of between 150 to 300 individual falls along its nearly three-kilometer edge, a number that changes depending on the season, varying in height between 60 to 82 meters and each as spectacular as the next. Served by an international airport in Argentina (and one in neighboring Brazil), it's relatively easy to visit, particularly if flying from Buenos Aires.","['//upload.wikimedia.org/wikipedia/commons/thumb/b/b6/Cataratas.jpg/600px-Cataratas.jpg', '//upload.wikimedia.org/wikipedia/commons/thumb/6/63/Iguazupan.ogv/600px--Iguazupan.ogv.jpg', '//upload.wikimedia.org/wikipedia/commons/thumb/e/e2/Parque_Nacional_do_Igua%C3%A7%C3%BA_-_Igua%C3%A7u_National_Park_-_Bilheterias_-_Ticket_toll_%2813932942577%29.jpg/620px-Parque_Nacional_do_Igua%C3%A7%C3%BA_-_Igua%C3%A7u_National_Park_-_Bilheterias_-_Ticket_toll_%2813932942577%29.jpg', '//upload.wikimedia.org/wikipedia/commons/thumb/2/2c/Iguazu_D%C3%A9cembre_2007_-_Panorama_7.jpg/1200px-Iguazu_D%C3%A9cembre_2007_-_Panorama_7.jpg', '//upload.wikimedia.org/wikipedia/commons/thumb/d/da/AereaFoz.jpg/600px-AereaFoz.jpg', '//upload.wikimedia.org/wikipedia/commons/thumb/a/ab/Iguazu_falls.jpg/600px-Iguazu_falls.jpg', '//upload.wikimedia.org/wikipedia/commons/thumb/2/21/Iguazu_D%C3%A9cembre_2007_-_Panorama_3.jpg/600px-Iguazu_D%C3%A9cembre_2007_-_Panorama_3.jpg', '//upload.wikimedia.org/wikipedia/commons/thumb/7/7d/Observation_platform_Garganta_del_Diablo%2C_Iguazu_National_Park.jpg/640px-Observation_platform_Garganta_del_Diablo%2C_Iguazu_National_Park.jpg', '//upload.wikimedia.org/wikipedia/commons/thumb/5/5d/Turist_iguazu_Argentina_latin_america.jpg/640px-Turist_iguazu_Argentina_latin_america.jpg', '//upload.wikimedia.org/wikipedia/commons/thumb/9/95/Iguazu_D%C3%A9cembre_2007_-_Panorama_1.jpg/972px-Iguazu_D%C3%A9cembre_2007_-_Panorama_1.jpg']",https://www.google.com/maps/embed?pb=!1m18!1m12!1m3!1d3595.276910814284!2d-54.43885488532772!3d-25.69525414971435!2m3!1f0!2f0!3f0!3m2!1i1024!2i768!4f13.1!3m3!1m2!1s0x94f6ea0ca3aa1b6d%3A0x917b75179c5e987e!2sIguazu%20Falls!5e0!3m2!1sen!2sin!4v1601088762819!5m2!1sen!2sin,"['Belmond Hotel das Cataratas', 'Gran Meli� Iguaz�', 'Falls Iguazu Hotel & Spa', 'Loi Suites Iguaz� Hotel', 'Hotel Colonial Igua�u']","['Parque Nacional Iguaz�', ""Lookout Devil's Throat"", 'Iguazu National Park Nature Interpretation Center', 'Salto Dos Hermanas', 'Parque das Aves']",[]
Argentina,Perito Moreno Glacier,"
The main hub for tourists visiting the UNESCO World Heritage Site of Patagonia's Los Glaciares National Park, the small town of El Calafate offers plenty of accommodation options and other amenities for visitors.It's here that most visitors join excursions to see the park's popular glaciers, most notably the stunning Perito Moreno Glacier, a massive 30-kilometer-long ice formation (and the world's third largest freshwater reserve) just 78 kilometers from the town center.Named after a 19th-century explorer, it's just a two-hour trip from El Calafate to the glacier's large visitor center, and from here just a short walk to the glacier. For those wanting to climb the glacier, ice trekking tours are available that range from an hour's walk over the ice formation to longer five-hour excursions.Another important feature of Los Glaciares National Park is the 3,359-meter-tall Monte Fitz Roy, a stunningly beautiful mountain straddling the border with Chile that is reputably harder to climb than Everest.","['//upload.wikimedia.org/wikipedia/commons/thumb/9/95/SantaCruz-PeritoMoreno-P2140146b.jpg/600px-SantaCruz-PeritoMoreno-P2140146b.jpg', '//upload.wikimedia.org/wikipedia/commons/thumb/f/ff/Perito_Moreno_Glacier_ice_fall.jpg/600px-Perito_Moreno_Glacier_ice_fall.jpg', '//upload.wikimedia.org/wikipedia/commons/thumb/1/1e/153_-_Glacier_Perito_Moreno_-_Grotte_glaciaire_-_Janvier_2010.jpg/600px-153_-_Glacier_Perito_Moreno_-_Grotte_glaciaire_-_Janvier_2010.jpg', '//upload.wikimedia.org/wikipedia/commons/thumb/3/3f/155_-_Glacier_Perito_Moreno_-_Panorama_de_la_partie_nord_-_Janvier_2010.jpg/750px-155_-_Glacier_Perito_Moreno_-_Panorama_de_la_partie_nord_-_Janvier_2010.jpg', '//upload.wikimedia.org/wikipedia/commons/thumb/e/e2/Perito_Moreno_lado_sur.jpg/1000px-Perito_Moreno_lado_sur.jpg']",https://www.google.com/maps/embed?pb=!1m18!1m12!1m3!1d81206.45475703632!2d-73.19973493352224!3d-50.50250915183691!2m3!1f0!2f0!3f0!3m2!1i1024!2i768!4f13.1!3m3!1m2!1s0xbda4c963217850c3%3A0xa481a2efaf7479be!2sPerito%20Moreno%20Glacier!5e0!3m2!1sen!2sin!4v1601088846206!5m2!1sen!2sin,"['Adventure Domes Glamping Patagonia', 'Estancia Nibepo Aike', 'Hosteria Helsingfors']","['Moreno Glacier', 'Parque Nacional Los Glaciares', 'Minitrekking Tour to Moreno Glacier', 'Perito Moreno Glacier', 'Perito Moreno Glacier']",['Perito Moreno Glacier']
Argentina,"Recoleta,La Boca, And Tango In Buenos Aires","
One of South America's most attractive cities (also one of the largest), Buenos Aires is often the first glimpse of Argentina most visitors will have before heading off to popular tourist destinations such as Patagonia.But the smart ones will linger here and take in the many delightful museums and art galleries housed in the splendid old colonial buildings spread across the city's districts or barrios.Be sure to visit La Boca, Buenos Aires' most colorful neighborhood and home to the quirky Caminito Street Museum, a splendid pedestrian zone and open-air museum popular for its brightly painted houses, amusing sculptures, cafes, music, and tango dancers in the streets.Fashionable Recoleta is another must and is where you'll find the Recoleta Cemetery, with its elaborate mausoleums containing the remains of such famous Argentinians as Eva (Evita) Peron, along with numerous public gardens, museums, art galleries, cafe's, and boutique shops.Other districts to explore if time permits are Palermo and Belgrano with their wide boulevards and palatial mansions, and, in the downtown core, the delightful Plaza de Mayo.","['//upload.wikimedia.org/wikipedia/commons/1/1e/El_Caminito_de_La_Boca_-_Buenos-Aires.jpg','//upload.wikimedia.org/wikipedia/commons/e/ed/LaBoca_ST_98.jpg','//upload.wikimedia.org/wikipedia/commons/6/61/Buenos_Aires_-_Plaza_Dorrego_-_20061204d.jpg','//upload.wikimedia.org/wikipedia/commons/8/8b/Buenos_Aires_-_La_Boca_-_Caminito_-_200807i.jpg','//upload.wikimedia.org/wikipedia/commons/5/5f/Sepulcro_Brandsen_Recoleta.jpg']",https://www.google.com/maps/embed?pb=!1m18!1m12!1m3!1d210147.39707064032!2d-58.57338436212405!3d-34.61546111822769!2m3!1f0!2f0!3f0!3m2!1i1024!2i768!4f13.1!3m3!1m2!1s0x95bcca3b4ef90cbd%3A0xa0b3812e88e88e87!2sBuenos%20Aires%2C%20Argentina!5e0!3m2!1sen!2sin!4v1601089040727!5m2!1sen!2sin,[],"['Recoleta Cemetery', 'Museo Nacional de Bellas Artes']",['Caminito Tango Club']
Argentina,Tierra Del Fuego National Park,"
The 156,000-acre Tierra del Fuego National Park extends all the way from Beagle Channel to the Chilean Border and northwards to Lago Kami. It's a paradise for hikers, with trails for all experience levels.Using the town of Ushuaia as a base, adventurers head out onto the park's hiking trails or along the coastline to explore its dramatic scenery, which includes everything from tall waterfalls, dense forests, and mountains, to beautiful glacier-fed lakes such as Roca and Fagnano.One of the most popular routes is Senda Costera, a coastal path to Lake Roca from Ensenada Bay that offers a chance to see a rich diversity of wildlife including Andean condors.Those who prefer to see the sights in comfort can take a ride on the superb Southern Fuegian Railway, an elegant antique steam train through the park to Canadon de Toro.","['//upload.wikimedia.org/wikipedia/commons/thumb/5/56/Cartel_del_Parque_Nacional_Tierra_del_Fuego.jpg/600px-Cartel_del_Parque_Nacional_Tierra_del_Fuego.jpg', '//upload.wikimedia.org/wikipedia/commons/thumb/5/51/Beagle_Channel_seen_from_Tierra_del_Fuego_National_Park.jpg/600px-Beagle_Channel_seen_from_Tierra_del_Fuego_National_Park.jpg', '//upload.wikimedia.org/wikipedia/commons/thumb/c/cd/Lago_Fagnano_Hualo.jpg/600px-Lago_Fagnano_Hualo.jpg', '//upload.wikimedia.org/wikipedia/commons/thumb/5/53/Flower_at_Fagnano%27s_lake.jpg/600px-Flower_at_Fagnano%27s_lake.jpg', '//upload.wikimedia.org/wikipedia/commons/thumb/b/b9/Cruzada_en_La_Macarena.jpg/600px-Cruzada_en_La_Macarena.jpg']",https://www.google.com/maps/embed?pb=!1m18!1m12!1m3!1d2297.395332670444!2d-68.55627518421574!3d-54.84330629140777!2m3!1f0!2f0!3f0!3m2!1i1024!2i768!4f13.1!3m3!1m2!1s0xbc4c38ccc35384c1%3A0x67ed134ce4d83831!2sTierra%20del%20Fuego%20National%20Park!5e0!3m2!1sen!2sin!4v1601089103413!5m2!1sen!2sin,"['Hotel Los Y�manas', 'Los Cauquenes Resort & Spa', 'Las Hayas Ushuaia Resort', 'Hosteria Del Recodo', 'Hotel De Monta�a Cumbres del Martial']","['Estacion Tierra del Fuego National Park', 'Castorera', 'Centro de Visitantes Alakush', 'Bahia Lapataia', 'Puerto Arias']",['Centro de Visitantes Alakush']
Argentina,Ushuaia,"
At the southern end of Argentina, Patagonia is famous for its spectacular landscapes: a dramatic mix of the Andes and long stretches of plains and plateaus. Most adventures here start in Ushuaia, the world's southernmost city.Established as a penal colony in the early 20th century and now a popular jumping-off point for trips to Antarctica or around Cape Horn, this town on Beagle Channel is surrounded by a unique landscape of mountains, sea, glaciers, and woods on the edge of the Tierra del Fuego National Park, with its spectacular scenery and diverse flora and fauna.Popular places to visit include the San Juan de Salvamento Lighthouse - also known as the End of the World Lighthouse - built in 1884 on the Isla de los Estados, and the End of the World Museum. Here, you'll find exhibits relating to the region's natural history, aboriginal life, and early penal colonies.The Maritime Museum of Ushuaia is housed in the town's notorious former military prison, is worth visiting for its many maritime artifacts and scale models of famous ships such as Darwin's Beagle.","['//upload.wikimedia.org/wikipedia/commons/thumb/a/a6/Gobernaci%C3%B3n_Provincia_de_Tierra_del_Fuego_Ant%C3%A1rtida_e_Isla_del_Atl%C3%A1ntico_Sur.jpg/600px-Gobernaci%C3%B3n_Provincia_de_Tierra_del_Fuego_Ant%C3%A1rtida_e_Isla_del_Atl%C3%A1ntico_Sur.jpg', '//upload.wikimedia.org/wikipedia/commons/thumb/b/b9/Cruzada_en_La_Macarena.jpg/600px-Cruzada_en_La_Macarena.jpg', '//upload.wikimedia.org/wikipedia/commons/thumb/9/97/Ushuaia_avi%C3%A3o.jpg/600px-Ushuaia_avi%C3%A3o.jpg', '//upload.wikimedia.org/wikipedia/commons/thumb/1/12/Ushuaia_a_la_tarde.jpg/600px-Ushuaia_a_la_tarde.jpg', '//upload.wikimedia.org/wikipedia/commons/thumb/b/b3/2019-11-18_Ushuaia_Panorama.jpg/1400px-2019-11-18_Ushuaia_Panorama.jpg', '//upload.wikimedia.org/wikipedia/commons/thumb/3/3a/Ushuaia_Harbor_Photo_by_Sascha_Grabow.jpg/600px-Ushuaia_Harbor_Photo_by_Sascha_Grabow.jpg', '//upload.wikimedia.org/wikipedia/commons/thumb/a/a1/Patagonia-leseclarieus-2.jpg/600px-Patagonia-leseclarieus-2.jpg', '//upload.wikimedia.org/wikipedia/commons/thumb/a/a9/Trekking_in_the_Andean_Club.jpg/600px-Trekking_in_the_Andean_Club.jpg', '//upload.wikimedia.org/wikipedia/commons/thumb/1/10/CerroCastor01.jpg/600px-CerroCastor01.jpg', '//upload.wikimedia.org/wikipedia/en/thumb/d/d8/CelebrityOrientUshuaia.jpg/600px-CelebrityOrientUshuaia.jpg', '//upload.wikimedia.org/wikipedia/commons/thumb/c/cf/Ushuaia_-_End_of_the_World.jpg/600px-Ushuaia_-_End_of_the_World.jpg', '//upload.wikimedia.org/wikipedia/commons/thumb/b/bc/Ushuaia_port.jpg/600px-Ushuaia_port.jpg', '//upload.wikimedia.org/wikipedia/commons/thumb/d/d5/Hafen_von_Ushuaia%2C_Argentinien.jpg/600px-Hafen_von_Ushuaia%2C_Argentinien.jpg', '//upload.wikimedia.org/wikipedia/commons/thumb/d/d9/Patagonia-lighthouse.jpg/600px-Patagonia-lighthouse.jpg', '//upload.wikimedia.org/wikipedia/commons/thumb/4/43/Ushuaia_city_view.jpg/600px-Ushuaia_city_view.jpg', '//upload.wikimedia.org/wikipedia/commons/thumb/4/4c/Pinguinoak.jpg/620px-Pinguinoak.jpg', '//upload.wikimedia.org/wikipedia/commons/thumb/0/09/Beagle_Channel_-_La_Isla_de_Los_Lobos.jpg/600px-Beagle_Channel_-_La_Isla_de_Los_Lobos.jpg']",https://www.google.com/maps/embed?pb=!1m18!1m12!1m3!1d73583.2463298765!2d-68.37284292609024!3d-54.806744050447904!2m3!1f0!2f0!3f0!3m2!1i1024!2i768!4f13.1!3m3!1m2!1s0xbc4c22b5bad109bf%3A0x5498473dba43ebfc!2sUshuaia%2C%20Tierra%20del%20Fuego%20Province%2C%20Argentina!5e0!3m2!1sen!2sin!4v1601089204562!5m2!1sen!2sin,"['Arakur Ushuaia Resort & Spa', 'Hotel Ushuaia', 'Las Hayas Ushuaia Resort', 'Los Cauquenes Resort & Spa', 'Los Acebos Ushuaia Hotel']","['End of the World Sign', 'Cartel Ushuaia', 'Plaza Malvinas Islands', 'EMUSH 14', 'Prisoners mural (wall art)']","['Moustacchio', 'Kuar', 'Kaup� Restaurant', 'La Cravia', 'Andino Gourmet']"
Argentina,Mendoza,"
Undoubtedly one of Argentina's most beautiful cities, filled with Art Deco architecture, Mendoza is as popular with outdoor enthusiasts in winter as it is in summer. When the snow flies, skiers from across South America  experience some of the Andes' best ski slopes at the popular resorts of Las Lenas, renowned for its steep terrain, and Los Penitentes, just 25 kilometers from the border with Chile.In the summer, these same areas are popular among hikers and climbers, many aiming for the top of the 6,960-meter-tall Aconcagua mountain. Other outdoor activities include whitewater rafting and trail riding, with some riding stables offering overnight adventures with camping under the stars.Also famous for its olive oil production, Mendoza has many other attractions, including a number of museums and annual festivals, as well as a bustling Central Market (Mercado Central) where locals buy produce, meat, and fish, and where visitors can find food stalls and restaurants.","['//upload.wikimedia.org/wikipedia/commons/thumb/b/b7/Mendoza_-_Villavicencio_-_20060107a.jpg/620px-Mendoza_-_Villavicencio_-_20060107a.jpg', '//upload.wikimedia.org/wikipedia/commons/thumb/6/6f/Laguna_de_Llancanelo_%28panorama%29.jpg/620px-Laguna_de_Llancanelo_%28panorama%29.jpg', '//upload.wikimedia.org/wikipedia/commons/thumb/5/5f/Vignoble_Mendoza_Argentine.jpg/620px-Vignoble_Mendoza_Argentine.jpg', '//upload.wikimedia.org/wikipedia/commons/thumb/c/c6/Potrerillos%2C_Mendoza_%282%29.jpg/620px-Potrerillos%2C_Mendoza_%282%29.jpg', '//upload.wikimedia.org/wikipedia/commons/thumb/2/22/Plaza_espa%C3%B1a_mendoza.jpg/620px-Plaza_espa%C3%B1a_mendoza.jpg',]",https://www.google.com/maps/embed?pb=!1m18!1m12!1m3!1d53609.02109427781!2d-68.89353867505089!3d-32.88325824035863!2m3!1f0!2f0!3f0!3m2!1i1024!2i768!4f13.1!3m3!1m2!1s0x967e093ec45179bf%3A0x205a78f6d20efa3a!2sMendoza%2C%20Capital%20Department%2C%20Mendoza%20Province%2C%20Argentina!5e0!3m2!1sen!2sin!4v1601089261411!5m2!1sen!2sin,"['Park Hyatt Mendoza', 'Hotel Mendoza', 'Hotel Premium Tower Suites', 'Ritz Hotel Mendoza', 'Sheraton Mendoza Hotel']","['Uncorking Argentina Tours', 'Parque Gral. San Mart�n - Portones', 'Museo del �rea Fundacional', 'Lago del Parque Central', 'ANDEMARA - Trekking & Aventura']","['Azafran Restaurant', 'Fuente y Fonda', 'Josefina Rest�', 'CORDILLERA Vinos y Fuegos', 'Mascalzzone Pizzer�a']"
Argentina,Bariloche,"
Usually simply referred to as Bariloche, San Carlos de Bariloche is a lively city set in the midst of Nahuel Huapi National Park, and Patagonia's the northern Lake District.Skiers, especially those from the Northern Hemisphere seeking snow in the height of the northern summer, flock to Bariloche for nearby Cerro Catedral, the tallest of its peaks and a popular ski resort. One of the largest ski resorts in South America, Cerro Catedral includes more than 100 kilometers of ski terrain and is particularly popular for its stunning views over Nahuel Huapi, in the middle of the national park.Bariloche is a center for active adventure and for exploring the park's mountains, lakes, waterfalls, forests, glaciers and extinct volcanos. Although the region is rich in opportunities for hiking, rafting, cycling and climbing, a driving circuit known as the Route of the Seven Lakes takes tourists to the alpine lakes of Nahuel Huapi, Espejo, Escondido, Falkner, Villarino, Correntoso, and Machonico.","['//upload.wikimedia.org/wikipedia/commons/thumb/6/65/CENTRO_CIVICO_38.jpg/650px-CENTRO_CIVICO_38.jpg', '//upload.wikimedia.org/wikipedia/commons/thumb/c/cb/Bariloche_oeste.jpg/620px-Bariloche_oeste.jpg', '//upload.wikimedia.org/wikipedia/commons/thumb/4/47/15_-_San_Carlos_de_Bariloche_%28Argentina%29.jpg/670px-15_-_San_Carlos_de_Bariloche_%28Argentina%29.jpg', '//upload.wikimedia.org/wikipedia/commons/thumb/b/b9/Argentina_-_Bariloche_trekking_012_-_Glacier_Casta%C3%B1o_Overo_spilling_water_and_ice_over_the_cliff_on_Cerro_Tronador_%286834286802%29.jpg/670px-Argentina_-_Bariloche_trekking_012_-_Glacier_Casta%C3%B1o_Overo_spilling_water_and_ice_over_the_cliff_on_Cerro_Tronador_%286834286802%29.jpg', '//upload.wikimedia.org/wikipedia/commons/thumb/8/85/Bariloche_view.jpg/620px-Bariloche_view.jpg', '//upload.wikimedia.org/wikipedia/en/thumb/7/7f/Bariloche1.jpg/620px-Bariloche1.jpg', '//upload.wikimedia.org/wikipedia/commons/thumb/d/de/Flora_of_Bariloche.jpg/600px-Flora_of_Bariloche.jpg']",https://www.google.com/maps/embed?pb=!1m18!1m12!1m3!1d192339.103596703!2d-71.47999938386651!3d-41.12800938365863!2m3!1f0!2f0!3f0!3m2!1i1024!2i768!4f13.1!3m3!1m2!1s0x961a7b1520c860e5%3A0x8210ae97cb7b9a65!2sSan%20Carlos%20de%20Bariloche%2C%20R%C3%ADo%20Negro%2C%20Argentina!5e0!3m2!1sen!2sin!4v1601089310715!5m2!1sen!2sin,"['Rochester Bariloche', 'Charming Luxury Lodge & Private Spa', 'Grand Hotel Bariloche', 'Design Suites Bariloche', 'Kenton Palace Hotel']","['Piedras Blancas', 'El Monolito', 'Reloj Centro C�vico Bariloche', 'Cruce Andino', 'Playa Nahuel Huapi']","['Las Morillas', 'Alto El Fuego Parrilla', 'La Casita Restaurante', 'El Boliche de Alberto', 'Butterfly']"
Peru,Machu Picchu,"
Perched high upon a ridge, 300 meters above the Urubamba River, the majestic Inca City of Machu Picchu is one of the most dramatic settings of a ruined city anywhere in the world. Almost as impressive as the ruins themselves is the spectacular backdrop of steep, lush, and often cloud-shrouded mountains.Standing near the caretaker's hut, looking out over Machu Picchu, the jungle-covered mountains, and the river far below, you can imagine why the Incas chose this place to build their city.Hiram Bingham came across Machu Picchu in 1911 and believed until his death that it was the Lost City of the Incas, first documented by Spanish soldiers in the 1500s. However, historians believe the real lost city of the Incas was at Espiritu Pampa, a ruin Bingham knew of but discounted as being insignificant.The journey is also part of the experience of visiting Machu Picchu, whether it's by hiking the Inca Trail or seeing the route by train. In either case, it's impossible not to be inspired by the scenery. Trains leave from Cusco, Ollantaytambo, or Urubamba to Aguas Calientes.","['//upload.wikimedia.org/wikipedia/commons/thumb/0/01/80_-_Machu_Picchu_-_Juin_2009_-_edit.2.jpg/600px-80_-_Machu_Picchu_-_Juin_2009_-_edit.2.jpg', '//upload.wikimedia.org/wikipedia/commons/thumb/b/b6/Llama_on_Machu_Picchu.jpg/620px-Llama_on_Machu_Picchu.jpg', '//upload.wikimedia.org/wikipedia/commons/thumb/0/09/Machu_Picchu_%283833992683%29.jpg/620px-Machu_Picchu_%283833992683%29.jpg', '//upload.wikimedia.org/wikipedia/commons/thumb/a/a9/MachuPicchu_TerracedFields_%28pixinn.net%29.jpg/620px-MachuPicchu_TerracedFields_%28pixinn.net%29.jpg', '//upload.wikimedia.org/wikipedia/commons/thumb/2/2d/Intihuatana_Solar_Clock.jpg/620px-Intihuatana_Solar_Clock.jpg', '//upload.wikimedia.org/wikipedia/commons/thumb/2/21/MachuPicchu_Residential_%28pixinn.net%29.jpg/620px-MachuPicchu_Residential_%28pixinn.net%29.jpg', '//upload.wikimedia.org/wikipedia/commons/thumb/f/f1/124_-_Machu_Picchu_-_Juin_2009.jpg/620px-124_-_Machu_Picchu_-_Juin_2009.jpg', '//upload.wikimedia.org/wikipedia/commons/thumb/b/b1/Funerary_Stone_in_Machu_Picchu.jpg/620px-Funerary_Stone_in_Machu_Picchu.jpg', '//upload.wikimedia.org/wikipedia/commons/thumb/a/a8/99_-_Machu_Picchu_-_Juin_2009.jpg/800px-99_-_Machu_Picchu_-_Juin_2009.jpg', '//upload.wikimedia.org/wikipedia/commons/thumb/d/d1/Machu_Picchu%2C_Per%C3%BA%2C_2015-07-30%2C_DD_61-64_PAN.jpg/800px-Machu_Picchu%2C_Per%C3%BA%2C_2015-07-30%2C_DD_61-64_PAN.jpg', '//upload.wikimedia.org/wikipedia/commons/thumb/f/ff/Peru_-_Machu_Picchu_038_-_lush%2C_rugged_valley_%287367125008%29.jpg/800px-Peru_-_Machu_Picchu_038_-_lush%2C_rugged_valley_%287367125008%29.jpg']",https://www.google.com/maps/embed?pb=!1m18!1m12!1m3!1d3884.9883257007045!2d-72.54715158560055!3d-13.16313596725188!2m3!1f0!2f0!3f0!3m2!1i1024!2i768!4f13.1!3m3!1m2!1s0x916d9a5f89555555%3A0x3a10370ea4a01a27!2sMachu%20Picchu!5e0!3m2!1sen!2sin!4v1601089379681!5m2!1sen!2sin,"['Casa del Sol Machupicchu - Boutique Hotel', 'Sumaq Machu Picchu Hotel', 'Hotel Vista Machu Picchu', 'Casa Machu Picchu Hostel', 'Belmond Sanctuary Lodge']","['Sacred Rock', 'Machu Picchu', 'Machu Picchu', 'Temple of the Three Windows', 'INCA TRAIL']","['Restaurante Tinkuy Buffet Restaurant at Sanctuary Lodge', 'Chullpi Restaurant', 'Tasty Machupicchu', 'Tree House Restaurant', 'Apu Inti Restaurante']"
Peru,The Inca Trail,"
The famous Inca Trail is a four-day hike, which terminates at Machu Picchu, and is regarded by many as the highlight of their trip to Peru. This scenic trail is often more demanding than what many people are expecting, but also more rewarding.A couple of different starting points for the Inca Trail exist, but the traditional four-day hike begins at km 82 of the Cusco - Aguas Calientes rail line. From this point, the trail passes more than 30 Inca ruins and traverses through spectacular scenery. The most difficult portion of the trail is the second day of the hike, with a climb of 1,200 meters in elevation gain and two high passes.","['//upload.wikimedia.org/wikipedia/commons/thumb/2/29/Incatrail_in_Peru.jpg/670px-Incatrail_in_Peru.jpg', '//upload.wikimedia.org/wikipedia/commons/thumb/b/ba/Patallacta.jpg/620px-Patallacta.jpg', '//upload.wikimedia.org/wikipedia/commons/thumb/d/db/Inca_Trail_Cloud_Forest.jpg/620px-Inca_Trail_Cloud_Forest.jpg', '//upload.wikimedia.org/wikipedia/commons/thumb/d/dc/Camino-inca-dia2-c01.jpg/620px-Camino-inca-dia2-c01.jpg', '//upload.wikimedia.org/wikipedia/commons/thumb/5/5d/Inca_Trail_Runkuraqay.jpg/620px-Inca_Trail_Runkuraqay.jpg', '//upload.wikimedia.org/wikipedia/commons/thumb/5/52/Sayacmarka.jpg/640px-Sayacmarka.jpg', '//upload.wikimedia.org/wikipedia/commons/thumb/6/63/Conchamarka_%28cooking_stove_spot%29.jpg/640px-Conchamarka_%28cooking_stove_spot%29.jpg', '//upload.wikimedia.org/wikipedia/commons/thumb/f/fa/Inca_Trail_Phuyupatamarka.jpg/670px-Inca_Trail_Phuyupatamarka.jpg', '//upload.wikimedia.org/wikipedia/commons/thumb/e/e1/Inca_trail_intipata.jpg/670px-Inca_trail_intipata.jpg', '//upload.wikimedia.org/wikipedia/commons/thumb/e/ea/Inca_Trail_Winaywayna2.jpg/620px-Inca_Trail_Winaywayna2.jpg']",https://www.google.com/maps/embed?pb=!1m18!1m12!1m3!1d15517.122907664403!2d-71.98399473022457!3d-13.518356!2m3!1f0!2f0!3f0!3m2!1i1024!2i768!4f13.1!3m3!1m2!1s0x916dd60c23d010a9%3A0x26c1aa7af3fdc7e7!2sInka%20Trail%20Expeditions%20Peru!5e0!3m2!1sen!2sin!4v1601089542781!5m2!1sen!2sin,"['Casa del Sol Machupicchu - Boutique Hotel', 'Hospedaje Los vi�edos', 'Hotel Golden Inca Cusco', 'Chinchero Hotel', 'Hilton Lima Miraflores']","['INCA TRAIL', 'Machu Picchu', 'Winay Wayna', 'Colca Canyon', 'Sun Gate']","['Machu Picchu', 'Explore Adventures Peru - Inca trail local Operator']"
Peru,Cusco's Architectural Treasures,"
Walking through the streets of Cusco is like wandering through a museum, with history built upon history in this UNESCO World Heritage Site. Inca ruins have been used in the foundations of many of the lovely old colonial buildings lining the narrow roads, showcasing the city's long history.The main square, Plaza de Armas, in the city center is home to the Cathedral and La Compania, two equally impressive structures. The square is also a great place to start a walking tour, grab a meal, or people watch during the day.And while there are countless buildings and museums worth visiting, the church of Santo Domingo, resting on the ruins of the Inca site of Coricancha, is one of Cusco's must-see attractions.","['//upload.wikimedia.org/wikipedia/commons/thumb/b/b1/Cuzco_001.jpg/670px-Cuzco_001.jpg', '//upload.wikimedia.org/wikipedia/commons/thumb/f/f5/Hatunrumiyoc_%287640968366%29.jpg/620px-Hatunrumiyoc_%287640968366%29.jpg', '//upload.wikimedia.org/wikipedia/commons/thumb/6/62/Calle_Marqu%C3%A9s_-_Cusco.jpg/620px-Calle_Marqu%C3%A9s_-_Cusco.jpg', '//upload.wikimedia.org/wikipedia/commons/thumb/e/ee/Cuzco_D%C3%A9cembre_2007_-_Balcons.jpg/618px-Cuzco_D%C3%A9cembre_2007_-_Balcons.jpg', '//upload.wikimedia.org/wikipedia/commons/thumb/4/48/Sacsayhuam%C3%A1n_D%C3%A9cembre_2006_-_Vue_Panoramique_-_Pleine_r%C3%A9solution.jpg/1024px-Sacsayhuam%C3%A1n_D%C3%A9cembre_2006_-_Vue_Panoramique_-_Pleine_r%C3%A9solution.jpg', '//upload.wikimedia.org/wikipedia/commons/thumb/2/26/Arco_de_Santa_Clara%2C_Cuzco.jpg/620px-Arco_de_Santa_Clara%2C_Cuzco.jpg', '//upload.wikimedia.org/wikipedia/commons/thumb/f/f3/Cusco_Peru_Beautiful_Building.jpg/620px-Cusco_Peru_Beautiful_Building.jpg', '//upload.wikimedia.org/wikipedia/commons/thumb/c/c8/Calle_Mantas_-_Cuzco.jpg/620px-Calle_Mantas_-_Cuzco.jpg', '//upload.wikimedia.org/wikipedia/commons/thumb/2/20/Cuzco_D%C3%A9cembre_2007_-_Panorama_1.jpg/815px-Cuzco_D%C3%A9cembre_2007_-_Panorama_1.jpg', '//upload.wikimedia.org/wikipedia/commons/thumb/6/6e/Church_of_la_Compa%C3%B1%C3%ADa%2C_Cuzco.jpg/620px-Church_of_la_Compa%C3%B1%C3%ADa%2C_Cuzco.jpg', '//upload.wikimedia.org/wikipedia/commons/thumb/0/0b/El_Templo_de_Coricancha_%28o_Koricancha%29.jpg/640px-El_Templo_de_Coricancha_%28o_Koricancha%29.jpg']",https://www.google.com/maps/embed?pb=!1m18!1m12!1m3!1d124130.9974978055!2d-72.00929001754203!3d-13.529842657332434!2m3!1f0!2f0!3f0!3m2!1i1024!2i768!4f13.1!3m3!1m2!1s0x916dd5d826598431%3A0x2aa996cc2318315d!2sCusco%2C%20Peru!5e0!3m2!1sen!2sin!4v1601089639844!5m2!1sen!2sin,[],"['Saqsaywaman', 'Plaza De Armas', 'Hunting Treasure Peru', 'Museo Inka', 'Qorikancha']",[]
Peru,Lake Titicaca,"
The sparkling blue water of Lake Titicaca is surrounded by rolling hills and traditional small villages. The lake area is a mix of beautiful scenery and culture that sets it apart from other regions of the country. Sitting at 3,820 meters above sea level, Lake Titicaca is known for being the highest navigable lake in the world.A boat trip to the islands and surrounding villages is the best way to appreciate the lake. One of the main tourist attractions is the Uros Floating Islands (Islas Flotantes), which sustain small communities of Uros Indians. These are man-made islands constructed of reeds that have sustained a traditional way of life since the time of the Incas.What you'll see on tours to these islands is designed for tourism, but it does offer a glimpse into a traditional way of life. The floating islands are only one very small part of Lake Titicaca's attraction, with the real charm lying in the small villages in the hills along the shores of Titicaca and on the main islands of Isla Taquile and Isla Amantani.The main gateway to Lake Titicaca is the city of Puno, where you'll find hotels, restaurants, and travel agencies. There are trains and buses to Puno and flights in and out of the nearby city of Juliaca.","['//upload.wikimedia.org/wikipedia/commons/thumb/d/d3/Lake_Titicaca_on_the_Andes_from_Bolivia.jpg/650px-Lake_Titicaca_on_the_Andes_from_Bolivia.jpg', '//upload.wikimedia.org/wikipedia/commons/thumb/e/e3/Balsa_Totora_Titicaca.jpg/620px-Balsa_Totora_Titicaca.jpg', '//upload.wikimedia.org/wikipedia/commons/thumb/e/eb/Intikawan_Amantani.jpg/620px-Intikawan_Amantani.jpg', '//upload.wikimedia.org/wikipedia/commons/thumb/1/1f/Taquile_Island.jpg/620px-Taquile_Island.jpg', '//upload.wikimedia.org/wikipedia/commons/thumb/3/33/Copacabana.jpg/620px-Copacabana.jpg', '//upload.wikimedia.org/wikipedia/commons/thumb/9/92/Isladelaluna.jpg/620px-Isladelaluna.jpg', '//upload.wikimedia.org/wikipedia/commons/thumb/4/4a/Isla_Chelleca_-_Lago_Titicaca_-_Bolivia.jpg/620px-Isla_Chelleca_-_Lago_Titicaca_-_Bolivia.jpg', '//upload.wikimedia.org/wikipedia/commons/thumb/6/6c/SS_Yavari_in_Puno%2C_2002.jpg/620px-SS_Yavari_in_Puno%2C_2002.jpg']",https://www.google.com/maps/embed?pb=!1m18!1m12!1m3!1d980580.7918234268!2d-69.78253447843228!3d-16.251579488777825!2m3!1f0!2f0!3f0!3m2!1i1024!2i768!4f13.1!3m3!1m2!1s0x915d9b22f6af7c75%3A0xf682724d4df71dc!2sLake%20Titicaca!5e0!3m2!1sen!2sin!4v1601089830336!5m2!1sen!2sin,"['GHL Hotel Lago Titicaca', 'Amantica Lodge', 'uros titicaca lodge', 'Sonesta Hotel Posadas Del Inca Puno', 'Hostal Las Olas']","['Lago Titicaca', 'Uros Floating Islands', 'Titicaca', 'CAPITAL DE LAS ISLAS FLOTANTES DE LOS UROS LAGO TITICACA PER�', 'Mirador El Condor']","['Los Uros', 'La Table del Inca', 'Balcones de Puno', 'CAPITAL DE LAS ISLAS FLOTANTES DE LOS UROS LAGO TITICACA PER�', 'Mojsa Restaurant']"
Peru,Colca Canyon,"
Although it was once thought to be the deepest canyon in the world, Colca Canyon (Canon del Colca), twice as deep as the Grand Canyon, is the second deepest after nearby Cotahuasi Canyon. The canyon reaches a depth of 3,400 meters and is the result of a seismic fault between two volcanoes. At the base far below is a winding river. The Colca Canyon area has been inhabited for thousands of years and was home to the Collagua, Cabana, and eventually the Inca peoples. Stone terracing along the canyon walls dates to AD 800 and is still in use today. The canyon is about a four-hour drive from Arequipa. Day trips to the canyon are available from Arequipa but two or more days are recommended considering the driving time involved in accessing the canyon. Besides gazing out at the canyon, there are also hot springs, churches, villages, and Inca ruins to explore. Condors are also a big attraction in Colca Canyon as they soar past the cliff walls.","['//upload.wikimedia.org/wikipedia/commons/thumb/1/13/Colca_Canyon_Puno.jpg/656px-Colca_Canyon_Puno.jpg', '//upload.wikimedia.org/wikipedia/en/thumb/f/fc/Colca_canyon_panorama.jpg/1800px-Colca_canyon_panorama.jpg', '//upload.wikimedia.org/wikipedia/commons/thumb/d/dc/Colca_Oasis_Stevage.jpg/680px-Colca_Oasis_Stevage.jpg', '//upload.wikimedia.org/wikipedia/commons/thumb/3/32/Colca_souvenirs.jpg/680px-Colca_souvenirs.jpg', '//upload.wikimedia.org/wikipedia/commons/thumb/c/cb/Colca_Canyon.jpg/680px-Colca_Canyon.jpg', '//upload.wikimedia.org/wikipedia/commons/thumb/f/fb/ValleColca_lou.jpg/680px-ValleColca_lou.jpg', '//upload.wikimedia.org/wikipedia/commons/thumb/6/69/ColcaCanyon.jpg/680px-ColcaCanyon.jpg', '//upload.wikimedia.org/wikipedia/commons/thumb/3/38/Inca_tombs_in_Colca_Canyon.jpg/680px-Inca_tombs_in_Colca_Canyon.jpg', '//upload.wikimedia.org/wikipedia/commons/thumb/f/fa/Callalli-peru-mountains-city-aerial-view.jpg/680px-Callalli-peru-mountains-city-aerial-view.jpg']",https://www.google.com/maps/embed?pb=!1m18!1m12!1m3!1d3842.668996744235!2d-72.09181158555843!3d-15.609324122587585!2m3!1f0!2f0!3f0!3m2!1i1024!2i768!4f13.1!3m3!1m2!1s0x9169e734ffffffff%3A0xf48bc9d1b3a1cf02!2sColca%20Canyon!5e0!3m2!1sen!2sin!4v1601089906201!5m2!1sen!2sin,"['La Granja del Colca', 'Kuntur Wassi Colca Hotel', 'Casa Virginia', 'Llahuar Lodge', 'Oasis Paraiso Ecolodge']","['Mirador de Achachihua', 'Sangalle', 'Mirador Cruz del C�ndor', 'Uyo Uyo', 'Planetarium and Observatory Colca']",['Colca Canyon']
Peru,Ica And The Sand Dunes At Huacachina,"
For the sporting type looking to try something a little different, the oasis resort of Huacachina on the outskirts of Ica has just the answer. This picture-perfect, palm-fringed resort town just west of Ica is situated around a lagoon surrounded by huge sand dunes, some of which reach 1,000 meters in height. People come here to try out the sport of sandboarding. Similar to snowboarding, sandboarding involves surfing down the sand dunes on specially made sand-boards, which can be rented in the area. For the less coordinated, renting dune buggies is another great way to get out and enjoy the landscape. Ica is slightly higher than the ocean and consequently is not affected by the usual coastal mist like other towns along this stretch. The town has a year-round sunny and dry climate, making it a good place to visit at any time.","['//upload.wikimedia.org/wikipedia/commons/thumb/a/a7/Overview_of_Huacachina.jpg/650px-Overview_of_Huacachina.jpg', '//upload.wikimedia.org/wikipedia/commons/thumb/6/62/Huacachina_Dunes.jpg/843px-Huacachina_Dunes.jpg','//upload.wikimedia.org/wikipedia/commons/thumb/1/14/Sand_dunes_of_Huacachina.jpg/690px-Sand_dunes_of_Huacachina.jpg']",https://www.google.com/maps/embed?pb=!1m18!1m12!1m3!1d3869.825190230629!2d-75.7652973355852!3d-14.087494437039673!2m3!1f0!2f0!3f0!3m2!1i1024!2i768!4f13.1!3m3!1m2!1s0x9110e300554764f9%3A0x62c3305913f6791a!2sHuacachina%20Lagoon!5e0!3m2!1sen!2sin!4v1601089973420!5m2!1sen!2sin,"['Hotel Villa Jazmin', 'Hoster�a Suiza', 'Hotel Sand and Lake Huacachina', 'Hostal Curasi', 'Hotel El Huacachinero']","['Huacachina Lagoon', 'Bananas Adventure Hostel Huacachina', 'Huacachina', 'Carola Lodge', 'Buggy Huacachina']",['Bananas Adventure Hostel Huacachina']
Peru,Sillustani,"
Sillustani, outside the city of Puno and not far from Lake Titicaca, is the site of some of the area's most impressive funerary towers (chullpas). Standing as high as 12 meters, these structures were built by the Colla people around AD 600 to bury their nobility. Entire families, along with food and personal possessions, were buried in these cylinders.Most of the towers are set in a scenic area along the bank of Lake Umayo, just walk up a hill from the parking lot to the plateau above. The towers stand at the far end of the field with the lake behind. Below the parking lot is a small marshy lake where locals can be seen poling along in their boats, harvesting reeds.","['//upload.wikimedia.org/wikipedia/commons/4/49/Sillustani%2C_Perú%2C_2015-08-01%2C_DD_87.JPG','//upload.wikimedia.org/wikipedia/commons/8/89/Urna_funeraria%2C_Sillustani%2C_Perú%2C_2015-08-01%2C_DD_99.JPG','//upload.wikimedia.org/wikipedia/commons/2/2a/Urna_funeraria%2C_Sillustani%2C_Perú%2C_2015-08-01%2C_DD_94.JPG','//upload.wikimedia.org/wikipedia/commons/4/4b/Petroglifo%2C_Sillustani%2C_Perú%2C_2015-08-01%2C_DD_114.JPG','//upload.wikimedia.org/wikipedia/commons/thumb/2/2e/Sillustani_Overview.jpg/1000px-Sillustani_Overview.jpg']",https://www.google.com/maps/embed?pb=!1m18!1m12!1m3!1d3840.5614347461656!2d-70.16116488555633!3d-15.7214114253514!2m3!1f0!2f0!3f0!3m2!1i1024!2i768!4f13.1!3m3!1m2!1s0x915d5b91be750905%3A0x603a083e1be26415!2sSillustani!5e0!3m2!1sen!2sin!4v1601090059296!5m2!1sen!2sin,"['Hotel Sillustani Inn', 'Royal Inn Hotel Puno', 'Intiqa Hotel', 'Sol Plaza Hotel', 'Qelqatani Hotel']",[],[]
Venezuela,Angel Falls,"
In the heart of the country, where table top mountains rise up like giant monoliths from the surrounding landscape, is Angel Falls. Dropping 979 meters, it is the highest waterfall in the world and one of the highlights of South America. This stunning site in Canaima National Park is remote and difficult to access, but flights over the falls are easily arranged. The best time to see the falls is during the rainy season, between May and November, when water is plentiful and the falls do not disappear into a mist before reaching the bottom as they do in the dry season. The falls are usually visited by either a sightseeing flight or a three-day boat trip beginning in the town of Canaima. The boat trip, which also includes a hike through the jungle to the base of the falls, is not a luxury tour by any stretch, with basic accommodation along the route. The boat trip may not be possible during the dry season due to low water levels in the river.","['//upload.wikimedia.org/wikipedia/commons/thumb/d/de/SaltoAngel4.jpg/620px-SaltoAngel4.jpg', '//upload.wikimedia.org/wikipedia/commons/thumb/f/fc/Angel_falls_panoramic_20080314.jpg/770px-Angel_falls_panoramic_20080314.jpg']",https://www.google.com/maps/embed?pb=!1m18!1m12!1m3!1d1984.0936747847004!2d-62.53651884207265!3d5.9689162165883625!2m3!1f0!2f0!3f0!3m2!1i1024!2i768!4f13.1!3m3!1m2!1s0x8dc6be717030a879%3A0x73210e8bf60fdfe7!2sAngel%20Falls!5e0!3m2!1sen!2sin!4v1601090129744!5m2!1sen!2sin,"['Kavak Lodge', 'Waku Lodge', 'Paracaupa Lodge', 'Campamento Ucaima Jungle Rudy', 'Campamento Tapuy Lodge']","['�ngel Falls', 'Parque Nacional Canaima', 'Sapo', 'La Llovizna Park', 'Canaima']",[]
Venezuela,Los Roques Archipelago,"
Sun-drenched beaches, turquoise waters, coral reefs, and modest development with no high-rise hotels, are what draw travelers to this beautiful chain of islands 160 kilometers north of the central coast of Venezuela. The archipelago is Los Roques National Park, but most people refer to the area simply as Los Roques. This is one of the best places to visit in Venezuela. The small seaside fishing village of Gran Roque, on the island of the same name, is the main settlement, with single-story homes painted in the typical bright colors seen throughout Venezuela. The buildings stretch out along the beachfront, which seems to go on forever. One of the highlights is the little island of Cayo de Agua. Reached by boat, this is one of Venezuela's most beautiful beaches, with shallow turquoise waters, perfect for swimming and snorkeling. The islands are usually reached by aircraft from Caracas, there is no ferry service from the mainland. The airport is located in Gran Roque. Boats can be chartered from the town's waterfront area for those interested in visiting some of the surrounding islands, diving, or taking a snorkeling trip.","['//upload.wikimedia.org/wikipedia/commons/thumb/9/92/Gran_Roque_from_plane.jpg/620px-Gran_Roque_from_plane.jpg', '//upload.wikimedia.org/wikipedia/commons/thumb/7/77/Cayo_de_Agua_in_Los_Roques.jpg/659px-Cayo_de_Agua_in_Los_Roques.jpg', '//upload.wikimedia.org/wikipedia/commons/thumb/b/bc/Gran_roque.jpg/659px-Gran_roque.jpg', '//upload.wikimedia.org/wikipedia/commons/thumb/1/1e/Village_Gran_Roque.jpg/620px-Village_Gran_Roque.jpg', '//upload.wikimedia.org/wikipedia/commons/thumb/4/42/El_gran_roque.jpg/620px-El_gran_roque.jpg', '//upload.wikimedia.org/wikipedia/commons/thumb/8/81/Playa_en_Los_Roques.jpg/620px-Playa_en_Los_Roques.jpg']",https://www.google.com/maps/embed?pb=!1m18!1m12!1m3!1d249906.996170248!2d-66.89085880390587!3d11.849491571243814!2m3!1f0!2f0!3f0!3m2!1i1024!2i768!4f13.1!3m3!1m2!1s0x8c2853b455e6cea7%3A0x712f7a82d6570ba!2sLos%20Roques%20archipelago!5e0!3m2!1sen!2sin!4v1601090182880!5m2!1sen!2sin,"['Villa Caracol', 'Posada Omisaya', 'Posada La Langosta', 'Posada Piano y Papaya Los Roques', 'Posada Galapagos']","['Los Roques', 'Los Roques Travel', 'Los Roques Full Day', 'AQUATICS DIVING CENTER (ADC LOS ROQUES)', 'Los Roques archipelago']","['Posada Piano y Papaya Los Roques', 'Los Roques archipelago']"
Venezuela,Isla De Margarita,"
Isla de Margarita is one of the more developed beach destinations in Venezuela. Lying approximately 40 kilometers north of the mainland, this is one of Venezuela's major tourist destinations for sun seekers. The island's main attractions are the beautiful soft sand beaches, which are popular with both foreigners and Venezuelans. Many charter flights fly directly to Isla Margarita from a variety of international destinations, but it's also possible to take a ferry to the island from Puerto La Cruz on the mainland. The main city on the island is Porlamar, but the numerous beaches are spread around the island, with some of the best on the north and east side. Many of these are developed, with hotels or restaurants. Some of the most popular beaches are La Playa El Agua, Playa Puerto Cruz, Playa Guacuco, and Playa Manzanillo.","['//upload.wikimedia.org/wikipedia/commons/thumb/5/56/PlayaElAgua_%28Margarita-VEN%29.jpg/649px-PlayaElAgua_%28Margarita-VEN%29.jpg', '//upload.wikimedia.org/wikipedia/commons/thumb/b/b7/Turismo_en_Pampatar_4.jpg/649px-Turismo_en_Pampatar_4.jpg', '//upload.wikimedia.org/wikipedia/commons/thumb/8/8d/Panoramic_view_of_El_Morro%2C_Isla_Margarita.jpg/900px-Panoramic_view_of_El_Morro%2C_Isla_Margarita.jpg', '//upload.wikimedia.org/wikipedia/commons/thumb/4/40/Monumento_natural_tetas_de_mar%C3%ADa_guevara.jpg/620px-Monumento_natural_tetas_de_mar%C3%ADa_guevara.jpg', '//upload.wikimedia.org/wikipedia/commons/thumb/5/5a/San_Juan_Valley.jpg/620px-San_Juan_Valley.jpg', '//upload.wikimedia.org/wikipedia/commons/thumb/c/cc/Turismo_en_Pampatar_3.jpg/620px-Turismo_en_Pampatar_3.jpg', '//upload.wikimedia.org/wikipedia/commons/thumb/3/3b/Old_house_typical_of_the_island_of_Margarita.jpg/620px-Old_house_typical_of_the_island_of_Margarita.jpg', '//upload.wikimedia.org/wikipedia/commons/thumb/6/61/Islamargaritanoche.jpg/620px-Islamargaritanoche.jpg', '//upload.wikimedia.org/wikipedia/commons/thumb/e/ef/La_Asuncion.jpg/620px-La_Asuncion.jpg', '//upload.wikimedia.org/wikipedia/commons/thumb/2/25/El_Reino_Musipan_Aereas.jpg/620px-El_Reino_Musipan_Aereas.jpg', '//upload.wikimedia.org/wikipedia/commons/thumb/9/94/Panoramica_Margarita.jpg/800px-Panoramica_Margarita.jpg']",https://www.google.com/maps/embed?pb=!1m18!1m12!1m3!1d501277.88257121335!2d-64.3729489664408!3d11.021102994304172!2m3!1f0!2f0!3f0!3m2!1i1024!2i768!4f13.1!3m3!1m2!1s0x8c31f1a90b8eb173%3A0x8f83879d37efd85e!2sIsla%20Margarita!5e0!3m2!1sen!2sin!4v1601090249820!5m2!1sen!2sin,"['Sunsol Isla Caribe', 'Wyndham Isla Margarita Concorde', 'Hotel Hesperia Isla Margarita', 'Stevie Wonderland Hotel-boutique', 'Sunsol Ecoland & Beach Resort']","['Playa Churrique, Peninsula De Macanao, Isla De Margarita.', 'Faro De Pampatar', 'Salinas de Pampatar', 'Peninsula De Macanao', 'Punta Cabo Negro']","['Casa Caranta', 'El Fondeadero', 'Villarepa Margarita', 'Restaurante El Remo', 'Hard Rock Cafe']"
Venezuela,Canaima National Park,"
Canaima National Park covers three million hectares and is listed as a UNESCO World Heritage Site. It is usually associated with Angel Falls and the area around the town of Canaima, but this is actually only a small area of the vastly diverse park.The park also encompasses the high plateau of La Gran Sabana and includes more than 100 tepuis (table top mountains), which rise more than 1,000 meters above the savannahs. A trip through the Gran Sabana and Canaima National Park is a unique experience and does not necessarily even need to be combined with a trip to Angel Falls, particularly during the dry season. Highlights in this area are the numerous waterfalls spread across the entire area, particularly in the Gran Sabana near the Brazilian border. Swimming at the base of the waterfalls is one of the highlights and can provide a refreshing escape from the heat of the midday sun during the dry season.","['//upload.wikimedia.org/wikipedia/commons/thumb/7/70/Kavac.jpg/684px-Kavac.jpg', '//upload.wikimedia.org/wikipedia/commons/thumb/9/96/Tarota.jpg/670px-Tarota.jpg', '//upload.wikimedia.org/wikipedia/commons/thumb/f/fd/Kukenan_Tepuy_at_Sunset.jpg/671px-Kukenan_Tepuy_at_Sunset.jpg', '//upload.wikimedia.org/wikipedia/commons/thumb/a/a3/Quebrada_del_Jaspe.jpg/668px-Quebrada_del_Jaspe.jpg', '//upload.wikimedia.org/wikipedia/commons/thumb/b/ba/Termiteros_Gran_Sabana.jpg/668px-Termiteros_Gran_Sabana.jpg', '//upload.wikimedia.org/wikipedia/commons/thumb/7/7c/Salto_Kam%C3%A1_2.jpg/621px-Salto_Kam%C3%A1_2.jpg', '//upload.wikimedia.org/wikipedia/commons/thumb/4/46/Canaima_%28Fabrizio_Morroia%29.jpg/668px-Canaima_%28Fabrizio_Morroia%29.jpg', '//upload.wikimedia.org/wikipedia/commons/thumb/7/7f/Kukenam-Tepui.jpg/671px-Kukenam-Tepui.jpg']",https://www.google.com/maps/embed?pb=!1m18!1m12!1m3!1d4063469.1523795254!2d-66.53997548348474!3d5.962803082167073!2m3!1f0!2f0!3f0!3m2!1i1024!2i768!4f13.1!3m3!1m2!1s0x0%3A0x64781e0fe5280ea4!2sCanaima%20National%20Park!5e0!3m2!1sen!2sin!4v1601090320837!5m2!1sen!2sin,"['Uruyen', 'Kavak Lodge', 'Campamento Tapuy Lodge', 'Waku Lodge', 'Campamento Canaima']","['Salto Toron', '�ngel Falls', 'Sapo', 'Mirador El Oso', 'Monte Roraima National Park']",[]
Venezuela,Mount Roraima,"
The table-top mountain of Roraima has an alluring appeal for nature lovers and adventure seekers, with an almost mystical Jack and the Beanstalk type of wonder attached to it. Rising up from the surrounding lowlands, Roraima is an island in the sky that has been intriguing people for centuries, with its bizarre rock formations, waterfalls, and meat-eating plants. This tepui (table-top mountain) was even the inspiration for Arthur Conan Doyle's famous novel The Lost World. Roraima is one of the highest tepuis in Canaima National Park. It is also one of the most easily accessible and a popular hiking destination, although it is a demanding, multi-day hike. The temperature drops as the elevation rises and Roraima is often cloudy, misty, or raining, so hikers need to be prepared to face the elements.","['//upload.wikimedia.org/wikipedia/commons/thumb/2/2f/Mount_Roraima%2C_Venezuela_%2812371474504%29.jpg/600px-Mount_Roraima%2C_Venezuela_%2812371474504%29.jpg', '//upload.wikimedia.org/wikipedia/commons/thumb/e/e4/Triple_Point%2C_Mount_Roraima.jpg/620px-Triple_Point%2C_Mount_Roraima.jpg', '//upload.wikimedia.org/wikipedia/commons/thumb/f/fc/Mount_Roraima%2C_Venezuela_%2812371685033%29.jpg/693px-Mount_Roraima%2C_Venezuela_%2812371685033%29.jpg', '//upload.wikimedia.org/wikipedia/commons/thumb/9/93/Mount_Roraima%2C_Venezuela_%2812372628654%29.jpg/665px-Mount_Roraima%2C_Venezuela_%2812372628654%29.jpg', '//upload.wikimedia.org/wikipedia/commons/thumb/c/c7/Roraima-Tepui_Wand.jpg/650px-Roraima-Tepui_Wand.jpg', '//upload.wikimedia.org/wikipedia/commons/thumb/a/a3/Amanecer_en_campamento_rio_tek_-_trekking_al_Tepuy_Roraima_-_Canaima_Venezuela_por_Alex_Cabello_Leiva.jpg/620px-Amanecer_en_campamento_rio_tek_-_trekking_al_Tepuy_Roraima_-_Canaima_Venezuela_por_Alex_Cabello_Leiva.jpg']",https://www.google.com/maps/embed?pb=!1m18!1m12!1m3!1d15895.306850709869!2d-60.76721518113215!3d5.1315941122061925!2m3!1f0!2f0!3f0!3m2!1i1024!2i768!4f13.1!3m3!1m2!1s0x8dbf1a501fb5abc3%3A0xee34df0f3642c109!2sMt%20Roraima!5e0!3m2!1sen!2sin!4v1601090373212!5m2!1sen!2sin,"['group of suwas', 'Mt Roraima', 'La mejor vista de Venezuela', 'Quebrada Pacheco', 'Posada Minina']",[],[]
Venezuela,National Pantheon Of Venezuela,"
The National Pantheon is one of the most important attractions in Caracas. The building was constructed after the 1812 earthquake when the original church on this site was destroyed. Today, it is the country's most sacred shrine and houses the remains of prominent Venezuelans, including those of Simon Bolivar.","['//upload.wikimedia.org/wikipedia/commons/thumb/2/20/Panteon_Nacional_de_Caracas.jpg/650px-Panteon_Nacional_de_Caracas.jpg', '//upload.wikimedia.org/wikipedia/commons/thumb/b/bb/Pante%C3%B3n_Nacional_de_Venezuela_desde_el_MINCI.jpg/645px-Pante%C3%B3n_Nacional_de_Venezuela_desde_el_MINCI.jpg', '//upload.wikimedia.org/wikipedia/commons/thumb/6/6f/Monument_to_Francisco_de_Miranda_-_National_Pantheon.jpg/690px-Monument_to_Francisco_de_Miranda_-_National_Pantheon.jpg', '//upload.wikimedia.org/wikipedia/commons/thumb/9/97/Sucre%C2%B4s_Monument_-_National_Pantheon.jpg/690px-Sucre%C2%B4s_Monument_-_National_Pantheon.jpg', '//upload.wikimedia.org/wikipedia/commons/thumb/9/96/P%C3%A1ez_sculpture_-_National_Pantheon.jpg/690px-P%C3%A1ez_sculpture_-_National_Pantheon.jpg', '//upload.wikimedia.org/wikipedia/commons/thumb/a/a0/Andr%C3%A9s_Bello_Monument_-_National_Pantheon.jpg/645px-Andr%C3%A9s_Bello_Monument_-_National_Pantheon.jpg', '//upload.wikimedia.org/wikipedia/commons/thumb/9/94/Jos%C3%A9_Mar%C3%ADa_Vargas_statue_-_National_Pantheon.jpg/690px-Jos%C3%A9_Mar%C3%ADa_Vargas_statue_-_National_Pantheon.jpg', '//upload.wikimedia.org/wikipedia/commons/thumb/f/fd/Santiago_Mari%C3%B1o_statue_-_National_Pantheon.jpg/690px-Santiago_Mari%C3%B1o_statue_-_National_Pantheon.jpg', '//upload.wikimedia.org/wikipedia/commons/thumb/4/45/Jos%C3%A9_Gregorio_Monagas_monument_-_National_Pantheon.jpg/690px-Jos%C3%A9_Gregorio_Monagas_monument_-_National_Pantheon.jpg', '//upload.wikimedia.org/wikipedia/commons/thumb/5/59/1st_Republic_Monument_-_National_Pantheon.jpg/645px-1st_Republic_Monument_-_National_Pantheon.jpg', '//upload.wikimedia.org/wikipedia/commons/thumb/1/18/Federation_Monument_-_National_Pantheon.jpg/690px-Federation_Monument_-_National_Pantheon.jpg', '//upload.wikimedia.org/wikipedia/commons/thumb/d/d6/Entrance_-_National_Pantheon.jpg/670px-Entrance_-_National_Pantheon.jpg']",https://www.google.com/maps/embed?pb=!1m18!1m12!1m3!1d3922.840802118743!2d-66.91481978571473!3d10.513202266873092!2m3!1f0!2f0!3f0!3m2!1i1024!2i768!4f13.1!3m3!1m2!1s0x8c2a5ecedee85c89%3A0x67db255420ac0a58!2sNational%20Pantheon%20of%20Venezuela!5e0!3m2!1sen!2sin!4v1601090463424!5m2!1sen!2sin,"['Hotel Alex', 'Hotel Grand Galaxie', 'JW Marriott Hotel Caracas', 'Cayena-caracas', 'Gran Meli� Caracas']","['Los Proceres Caracas', 'Los Caobos Park', 'El �vila National Park', 'Sistema Telef�rico Warairarepano', 'Galip�n Picacho']",['National Pantheon of Venezuela']
Venezuela,Orinoco Delta,"
The Orinoco Delta, in the northeast of Venezuela, offers a completely different landscape and experience than other parts of the country. The river delta is home to all kinds of interesting wildlife, from monkeys and macaws to piranhas. Riverside lodges offer multi-day packages that take guests out in boats for wildlife viewing and visiting local Warao people. Some camps also offer night safaris. The quality of the lodges varies so it's best to do some research in advance. Trips can be arranged from Ciudad Bolivar, Ciudad Guayana (Puerto Ordaz), or from other cities, and can be combined with a larger tour of other areas.","['//upload.wikimedia.org/wikipedia/commons/thumb/8/84/Delta_del_Orinoco.jpg/656px-Delta_del_Orinoco.jpg','//upload.wikimedia.org/wikipedia/commons/thumb/3/3f/Deltaorinoco.jpg/600px-Deltaorinoco.jpg','//upload.wikimedia.org/wikipedia/commons/b/bb/Vista_RioCaroni_DesdeOrinoco.jpg']",https://www.google.com/maps/embed?pb=!1m18!1m12!1m3!1d15762.650417535744!2d-61.00904118092818!3d9.003160240050006!2m3!1f0!2f0!3f0!3m2!1i1024!2i768!4f13.1!3m3!1m2!1s0x8db5402cd3c74725%3A0xd113fabf80256f43!2sOrinoco%20delta!5e0!3m2!1sen!2sin!4v1601090559238!5m2!1sen!2sin,"['Orinoco Delta Lodge', 'Orinoco delta']",[],['Orinoco delta']
Brazil,Sugarloaf Mountain,"
The easily recognized emblem of Rio de Janeiro, the rounded rock peak of Sugar Loaf juts out of a tree-covered promontory, rising 394 meters above the beaches and city. Its summit is one of the first places tourists go, for views of Rio and the harbor, and for the thrill of riding suspended in a cable car between Sugar Loaf and the Morro da Urca, a lower peak from which a second cableway connects to the city. Rio's first settlement began below these peaks, near the long Praia da Urca beach, and you can tour one of the three early forts there, the star-shaped Fort Sao Joao.","['//upload.wikimedia.org/wikipedia/commons/thumb/4/4c/Enseada_de_Botafogo_e_P%C3%A3o_de_A%C3%A7%C3%BAcar.jpg/600px-Enseada_de_Botafogo_e_P%C3%A3o_de_A%C3%A7%C3%BAcar.jpg', '//upload.wikimedia.org/wikipedia/commons/thumb/b/b2/Sugarloaf_Sunrise_2.jpg/620px-Sugarloaf_Sunrise_2.jpg', '//upload.wikimedia.org/wikipedia/commons/thumb/4/4b/Rio_de_Janeiro_Panoramic_from_P%C3%A3o_de_A%C3%A7%C3%BAcar_crop.jpg/1000px-Rio_de_Janeiro_Panoramic_from_P%C3%A3o_de_A%C3%A7%C3%BAcar_crop.jpg','//upload.wikimedia.org/wikipedia/commons/thumb/3/3b/Forty_years_in_Brazil_%281914%29_%2814775856642%29.jpg/300px-Forty_years_in_Brazil_%281914%29_%2814775856642%29.jpg', '//upload.wikimedia.org/wikipedia/commons/thumb/b/b1/Cable_Cars_from_Sugarloaf_Mountain-Pao_de_Acucar_-_Rio_de_Janeiro_-_Brazil.jpg/670px-Cable_Cars_from_Sugarloaf_Mountain-Pao_de_Acucar_-_Rio_de_Janeiro_-_Brazil.jpg', '//upload.wikimedia.org/wikipedia/commons/thumb/5/53/1_rio_de_janeiro_panorama.jpg/693px-1_rio_de_janeiro_panorama.jpg', '//upload.wikimedia.org/wikipedia/commons/thumb/4/4c/Enseada_de_Botafogo_e_P%C3%A3o_de_A%C3%A7%C3%BAcar.jpg/670px-Enseada_de_Botafogo_e_P%C3%A3o_de_A%C3%A7%C3%BAcar.jpg', '//upload.wikimedia.org/wikipedia/commons/thumb/8/83/P%C3%A3o_de_A%C3%A7%C3%BAcar_-_Rio_de_Janeiro%2C_Brasil%282%29.jpg/640px-P%C3%A3o_de_A%C3%A7%C3%BAcar_-_Rio_de_Janeiro%2C_Brasil%282%29.jpg', '//upload.wikimedia.org/wikipedia/commons/thumb/5/54/Do_alto.jpg/670px-Do_alto.jpg', '//upload.wikimedia.org/wikipedia/commons/thumb/6/61/Centro_do_Rio_de_Janeiro_%283969222492%29.jpg/640px-Centro_do_Rio_de_Janeiro_%283969222492%29.jpg', '//upload.wikimedia.org/wikipedia/commons/thumb/b/b4/Desvendando_novos_%C3%A2ngulos_do_Rio.jpg/670px-Desvendando_novos_%C3%A2ngulos_do_Rio.jpg']",https://www.google.com/maps/embed?pb=!1m18!1m12!1m3!1d14696.107400712595!2d-43.16333047572967!3d-22.94923825042754!2m3!1f0!2f0!3f0!3m2!1i1024!2i768!4f13.1!3m3!1m2!1s0x9980409039f845%3A0x8075d7bcdfbcb48c!2sSugarloaf%20Mountain!5e0!3m2!1sen!2sin!4v1601090626573!5m2!1sen!2sin,"['Hilton Rio de Janeiro Copacabana', 'Arena Leme', 'Copacabana Suites by Atlantica Hotels', 'Royal Rio Palace Hotel', 'Real Palace Hotel']","['Sugar Loaf cable car', 'Morro da Urca', 'Red Beach', 'Escadaria Selar�n', 'Monumento Natural dos Morros do P�o de A��car e da Urca']",['Sugarloaf Mountain']
Brazil,Cristo Redentor,"
With arms outstretched 28 meters, as if to encompass all of humanity, the colossal Art Deco statue of Christ, called Cristo Redentor (Christ the Redeemer), gazes out over Rio de Janeiro and the bay from the summit of Corcovado. The 709-meter height on which it stands is part of the Tijuca National Park, and a rack railway climbs 3.5 kilometers to its top, where a broad plaza surrounds the statue. Completed in 1931, the 30-meter statue was the work of Polish-French sculptor Paul Landowski and Brazilian engineer Heitor da Silva Costa, and is constructed of reinforced concrete and soapstone. The eight-meter base encloses a chapel that is popular for weddings. Although this is one of Brazil's most readily recognized icons, it is often mistakenly called The Christ of the Andes, confused with the older statue marking the boundary between Argentina and Chile.","['//upload.wikimedia.org/wikipedia/commons/thumb/c/c9/Est%C3%A1tua_do_Cristo_Redentor_nas_cores_da_Bandeira_do_Brasil.jpg/680px-Est%C3%A1tua_do_Cristo_Redentor_nas_cores_da_Bandeira_do_Brasil.jpg', '//upload.wikimedia.org/wikipedia/commons/thumb/e/e7/Aerial_view_of_the_Statue_of_Christ_the_Redeemer.jpg/620px-Aerial_view_of_the_Statue_of_Christ_the_Redeemer.jpg', '//upload.wikimedia.org/wikipedia/commons/thumb/a/a0/Rio_de_Janeiro_Helicoptero_47_Feb_2006.jpg/650px-Rio_de_Janeiro_Helicoptero_47_Feb_2006.jpg', '//upload.wikimedia.org/wikipedia/commons/thumb/8/8a/Trem_do_Corcovado_na_Esta%C3%A7%C3%A3o_Paineiras_01.jpg/650px-Trem_do_Corcovado_na_Esta%C3%A7%C3%A3o_Paineiras_01.jpg', '//upload.wikimedia.org/wikipedia/commons/thumb/4/47/Cristo_Redentor_Rio_de_Janeiro_4.jpg/631px-Cristo_Redentor_Rio_de_Janeiro_4.jpg', '//upload.wikimedia.org/wikipedia/commons/thumb/e/ec/Lascar_O_Cristo_Redentor_%28Christ_the_Redeemer%29_-_One_of_the_New_Seven_Wonders_of_the_World_%284551129529%29.jpg/635px-Lascar_O_Cristo_Redentor_%28Christ_the_Redeemer%29_-_One_of_the_New_Seven_Wonders_of_the_World_%284551129529%29.jpg', '//upload.wikimedia.org/wikipedia/commons/thumb/3/3a/Unique_Moment_with_the_Moon_and_Christ_the_Redeemer_3.jpg/680px-Unique_Moment_with_the_Moon_and_Christ_the_Redeemer_3.jpg']",https://www.google.com/maps/embed?pb=!1m18!1m12!1m3!1d3673.9542746056773!2d-43.2126758853993!3d-22.95191104525219!2m3!1f0!2f0!3f0!3m2!1i1024!2i768!4f13.1!3m3!1m2!1s0x997fd5984aa13f%3A0x9dc984d7019502de!2sChrist%20the%20Redeemer!5e0!3m2!1sen!2sin!4v1601090687003!5m2!1sen!2sin,"['JW Marriott Hotel Rio de Janeiro', 'Hotel Atl�ntico Travel Copacabana', 'Royalty Copacabana Hotel', 'Aurora Rio Hostel', 'ibis budget Rj Copacabana']","['Paineiras Corcovado', 'Mirante do Cristo', 'Parque Lage', 'Jardim Bot�nico do Rio de Janeiro', 'Aqu�rio - Parque Lage']",[]
Brazil,Copacabana,"
Downtown Rio's most fashionable and famous section follows Avenida Nossa Senhora de Copacabana and is bordered all along one side by four kilometers of white sand and breaking surf. The beach is separated from the buildings and traffic by a broad promenade paved in black and white mosaic in an undulating pattern reminiscent of streets in Lisbon, Portugal. The beach isn't just for show. It's also a popular playground filled with sun-worshipers, swimmers, and kids building sand castles whenever the weather is fine. Stroll the streets here to find restaurants, smart shops, cafes, and beautiful old buildings from the days when Rio was Brazil's capital. One of these, the famed Copacabana Palace, is protected as a national monument. Inside its lobby, you can easily imagine seeing the royalty and film idols who have stayed here.","['//upload.wikimedia.org/wikipedia/commons/thumb/6/62/Praia_de_Copacabana_-_Rio_de_Janeiro%2C_Brasil.jpg/650px-Praia_de_Copacabana_-_Rio_de_Janeiro%2C_Brasil.jpg', '//upload.wikimedia.org/wikipedia/commons/thumb/c/c2/Copacabana_Rooftop_View.jpg/620px-Copacabana_Rooftop_View.jpg', '//upload.wikimedia.org/wikipedia/commons/thumb/9/91/Hotel_copacabana_palace.jpg/620px-Hotel_copacabana_palace.jpg', '//upload.wikimedia.org/wikipedia/commons/thumb/e/ed/Rio_New_Year_Fireworks.jpg/620px-Rio_New_Year_Fireworks.jpg', '//upload.wikimedia.org/wikipedia/commons/thumb/c/ce/Copacabana_Beach.jpg/620px-Copacabana_Beach.jpg', '//upload.wikimedia.org/wikipedia/commons/thumb/4/44/Panorama_of_Copacabana_Beach_-_Rio_de_Janeiro_-_Brazil.jpg/1280px-Panorama_of_Copacabana_Beach_-_Rio_de_Janeiro_-_Brazil.jpg', '//upload.wikimedia.org/wikipedia/commons/thumb/4/49/R%C3%A8veillon_2013_%288333332944%29.jpg/800px-R%C3%A8veillon_2013_%288333332944%29.jpg']",https://www.google.com/maps/embed?pb=!1m18!1m12!1m3!1d29387.00077268245!2d-43.20326494250704!3d-22.973230326553992!2m3!1f0!2f0!3f0!3m2!1i1024!2i768!4f13.1!3m3!1m2!1s0x9bd523d20f9c53%3A0x693c6132635e6b0d!2sCopacabana%2C%20Rio%20de%20Janeiro%20-%20State%20of%20Rio%20de%20Janeiro%2C%20Brazil!5e0!3m2!1sen!2sin!4v1601090737427!5m2!1sen!2sin,"['Hotel Atl�ntico Travel Copacabana', 'Hotel Atl�ntico Rio', 'Belmond Copacabana Palace', 'Hotel Astoria Copacabana', 'Hilton Rio de Janeiro Copacabana']","['Copacabana Fort', 'Mans�o de Copa', 'Solo.com.uy', 'Rubem Braga Complex', 'Rio Eleven Tandem Paragliding | Asa Delta - Parapente no Rio - Voe com Daniel Sena - Querovoar.net']","['Nomangue Cai�ara', 'Alloro al Miramar', 'Restaurante P�rgula', 'Amir', 'Quick Galetos']"
Brazil,Amazon Rain Forests,"
About 20 kilometers southeast of Manaus, the dark Rio Negro waters meet the light muddy water of the Rio Solimoes, flowing side by side for about six kilometers before mixing as the Amazon. Boat trips from Manaus take you to this point, called Encontro das Aguas, meeting of the waters. Other boat trips take you into the heart of the rain forests and the network of rivers, channels, and lakes formed by the three rivers. In the Rio Negro, the Anavilhanas Islands form an archipelago with lakes, streams, and flooded forests that offer a full cross-section of the Amazonian ecosystem. You can see monkeys, sloths, parrots, toucans, caimans, turtles, and other wildlife on a boat trip here. Also close to Manaus, the 688-hectare Janauari Ecological Park has a number of different ecosystems that you can explore by boat along its narrow waterways. An entire lake here is covered with giant water-lilies found only in the Amazon region. While in Manaus, be sure to see its famous Teatro Amazonas, the Italian Renaissance-style opera house, designed to put Manaus on the map as South America's great center of culture.","['//upload.wikimedia.org/wikipedia/commons/thumb/4/4b/Amazon_Manaus_forest.jpg/650px-Amazon_Manaus_forest.jpg', '//upload.wikimedia.org/wikipedia/commons/thumb/7/73/Amazon_CIAT_%282%29.jpg/620px-Amazon_CIAT_%282%29.jpg', '//upload.wikimedia.org/wikipedia/commons/thumb/b/bb/Amazonia_fotos_a%C3%A9rea_regi%C3%A3o_de_Manaus_2005_AM_Brasil_-_panoramio_%288%29.jpg/620px-Amazonia_fotos_a%C3%A9rea_regi%C3%A3o_de_Manaus_2005_AM_Brasil_-_panoramio_%288%29.jpg', '//upload.wikimedia.org/wikipedia/commons/thumb/1/1b/%C3%8Dndios_isolados_no_Acre_5.jpg/620px-%C3%8Dndios_isolados_no_Acre_5.jpg', '//upload.wikimedia.org/wikipedia/commons/thumb/1/18/Amazon_CIAT_%285%29.jpg/630px-Amazon_CIAT_%285%29.jpg', '//upload.wikimedia.org/wikipedia/commons/thumb/2/2e/Roots_by_cesarpb.jpg/640px-Roots_by_cesarpb.jpg']",https://www.google.com/maps/embed?pb=!1m18!1m12!1m3!1d15930.093430717552!2d-62.22463528075187!3d-3.465283741082455!2m3!1f0!2f0!3f0!3m2!1i1024!2i768!4f13.1!3m3!1m2!1s0x91e8605342744385%3A0x3d3c6dc1394a7fc7!2sAmazon%20Rainforest!5e0!3m2!1sen!2sin!4v1601090852630!5m2!1sen!2sin,['Amazon Rainforest'],[],['Amazon Rainforest']
Brazil,Ouro Preto,"
The wealth of Brazil's state of Minas Gerais in its glory days of the colonial period is easy to imagine from the interiors of the churches in its old capital, Ouro Preto. Entire walls are washed in gold that flowed - along with diamonds - from the mines surrounding the city in the 17th and 18th centuries. Cascading down the sides of a steep valley and surrounded by mountains, Ouro Preto is a jewel of a colonial town, but its steep narrow streets and mountain setting - however captivating for tourists today - didn't meet the needs of a growing provincial capital. The government moved to the newly built capital of Belo Horizonte, leaving Ouro Preto in its time capsule. The 17th-century Baroque and Rococo churches of São Francisco de Assis and Matriz de Nossa Senhora do Pilar are the best examples, but the entire town is so rich in colonial architecture that Ouro Preto has been named a UNESCO World Heritage Site. The steep streets, so precipitous in places that they become stairways, are lined by gracious colonial mansions, and white churches crown its hills with Baroque bell towers.","['//upload.wikimedia.org/wikipedia/commons/thumb/4/4d/-i---i-_%286288971321%29.jpg/650px--i---i-_%286288971321%29.jpg', '//upload.wikimedia.org/wikipedia/commons/thumb/a/a3/UFOP1.jpg/620px-UFOP1.jpg', '//upload.wikimedia.org/wikipedia/commons/thumb/f/f4/Panor%C3%A2mica_de_Ouro_Preto.jpg/700px-Panor%C3%A2mica_de_Ouro_Preto.jpg', '//upload.wikimedia.org/wikipedia/commons/thumb/2/2d/Ouro_preto.jpg/620px-Ouro_preto.jpg', '//upload.wikimedia.org/wikipedia/commons/thumb/1/1c/Vista_de_Ouro_Preto.jpg/620px-Vista_de_Ouro_Preto.jpg', '//upload.wikimedia.org/wikipedia/commons/thumb/b/b6/Ouro_Preto_November_2009-7.jpg/620px-Ouro_Preto_November_2009-7.jpg', '//upload.wikimedia.org/wikipedia/commons/thumb/f/f8/OuroPretoView.jpg/620px-OuroPretoView.jpg', '//upload.wikimedia.org/wikipedia/commons/thumb/d/dc/Ouro_Preto_November_2009-13.jpg/620px-Ouro_Preto_November_2009-13.jpg']",https://www.google.com/maps/embed?pb=!1m18!1m12!1m3!1d29918.37833089992!2d-43.51915529646343!3d-20.391246149709087!2m3!1f0!2f0!3f0!3m2!1i1024!2i768!4f13.1!3m3!1m2!1s0xa40b1d2c57b55b%3A0xd984d1131d83d5fc!2sOuro%20Preto%2C%20State%20of%20Minas%20Gerais%2C%2035400-000%2C%20Brazil!5e0!3m2!1sen!2sin!4v1601091040572!5m2!1sen!2sin,"['Hotel Solar do Ros�rio', 'Grande Hotel of Ouro Preto', 'Pousada Ouro Preto', 'Hotel Solar das Lajes', 'Pousada do Mondego']","['Mina Du Veloso', 'Mina Chico Rei', 'Ant�nio Dias Bridge', 'Parque Estadual do Itacolomi', 'Inconfidence Museum']","['Restaurante - Casa do Ouvidor', 'Restaurante Contos de R�is', 'Ben� da Flauta Restaurante e Caf�', 'Adega Ouro Preto', 'Tropea Cantina e Armaz�m']"
Brazil,Pernambuco Beaches,"
The crystal waters, tall palm trees, and broad stretches of silver sand are only a few of the reasons why Porto de Galinhas is frequently cited as Brazil's best beach. For a country with more than 7,000 kilometers of Atlantic coast, much of it sandy beaches, that's saying a lot. The town stretching along the beach is laid-back, colorful, and just the right blend of old-fashioned beach town fun and chic boutiques. Its hotels and resorts lie close to the land instead of soaring in high-rise blocks. Jangadas, picturesque sailboats, will take you out to reef-top pools where brilliant tropical fish swim around your feet in ankle-deep water. You can also take a boat to a lagoon where tiny seahorses swim, and you can scuba dive to explore impressive coral reefs or shipwrecks, kayak in the lagoons and estuary, or buy a fanciful kite from a beach kiosk to fly in the steady breeze. Nearby Maracaipe is popular with surfers. Porto de Galinhas is just one of the beautiful beaches on Pernambuco's 187-kilometer coast. Closer to Recife, 17th-century Olinda is a UNESCO World Heritage Site overlooking a popular beach. The main beaches in Recife itself are Praia da Boa Viagem, São José da Coroa Grande, and the Carne De Vaca.","['//upload.wikimedia.org/wikipedia/commons/thumb/5/58/Fernando_noronha.jpg/600px-Fernando_noronha.jpg', '//upload.wikimedia.org/wikipedia/commons/thumb/7/74/Itamarac%C3%A1.jpg/640px-Itamarac%C3%A1.jpg', '//upload.wikimedia.org/wikipedia/commons/thumb/3/35/Estuary_Itamarac%C3%A1.jpg/640px-Estuary_Itamarac%C3%A1.jpg', '//upload.wikimedia.org/wikipedia/commons/thumb/a/a1/Estuary.jpg/640px-Estuary.jpg', '//upload.wikimedia.org/wikipedia/commons/thumb/e/e7/RecifeBoaViagem.jpg/640px-RecifeBoaViagem.jpg', '//upload.wikimedia.org/wikipedia/commons/thumb/0/03/Praia_de_Suape_-_PE.jpg/640px-Praia_de_Suape_-_PE.jpg', '//upload.wikimedia.org/wikipedia/commons/thumb/8/87/Porto_de_galinhas_67.jpg/640px-Porto_de_galinhas_67.jpg', '//upload.wikimedia.org/wikipedia/commons/thumb/b/b4/Porto_de_galinhas_barcos.jpg/640px-Porto_de_galinhas_barcos.jpg', '//upload.wikimedia.org/wikipedia/commons/thumb/6/6c/Tamandar%C3%A9_Pernanbuco.jpg/640px-Tamandar%C3%A9_Pernanbuco.jpg', '//upload.wikimedia.org/wikipedia/commons/thumb/4/47/Carneiros_Beach.jpg/640px-Carneiros_Beach.jpg', '//upload.wikimedia.org/wikipedia/commons/thumb/f/fa/Zona_da_Mata_1.jpg/640px-Zona_da_Mata_1.jpg', '//upload.wikimedia.org/wikipedia/commons/thumb/d/d0/Fernando_de_noronha_-_pe.jpg/640px-Fernando_de_noronha_-_pe.jpg', '//upload.wikimedia.org/wikipedia/commons/thumb/6/6b/Fernando_de_Noronha_-_dois_Irm%C3%A3os_-_praia_do_sancho.jpg/640px-Fernando_de_Noronha_-_dois_Irm%C3%A3os_-_praia_do_sancho.jpg', '//upload.wikimedia.org/wikipedia/commons/thumb/6/6c/Tamandar%C3%A9_Pernanbuco.jpg/620px-Tamandar%C3%A9_Pernanbuco.jpg', '//upload.wikimedia.org/wikipedia/commons/thumb/7/71/Porto_de_galinhas.jpg/620px-Porto_de_galinhas.jpg', '//upload.wikimedia.org/wikipedia/commons/thumb/d/d0/BoaViagemBeach_Recife.jpg/620px-BoaViagemBeach_Recife.jpg', '//upload.wikimedia.org/wikipedia/commons/thumb/c/ca/Praia_de_Candeias.jpg/620px-Praia_de_Candeias.jpg', '//upload.wikimedia.org/wikipedia/commons/thumb/6/63/Boa_viagem.jpg/620px-Boa_viagem.jpg', '//upload.wikimedia.org/wikipedia/commons/thumb/1/1d/Fishermen_-_Tamandar%C3%A9_-_Brasil.jpg/620px-Fishermen_-_Tamandar%C3%A9_-_Brasil.jpg']",https://www.google.com/maps/embed?pb=!1m18!1m12!1m3!1d8116592.98987759!2d-41.37470858429241!3d-6.624529283632773!2m3!1f0!2f0!3f0!3m2!1i1024!2i768!4f13.1!3m3!1m2!1s0x7007c9d931c86c5%3A0x1de0196a93401726!2sState%20of%20Pernambuco%2C%20Brazil!5e0!3m2!1sen!2sin!4v1601091214683!5m2!1sen!2sin,"['Hotel Coral Beach', 'Marupiara by GJP', 'Transam�rica Prestige Beach Class', 'Radisson Hotel Recife', 'Hotel Village Porto de Galinhas']",['Porto de Galinhas'],[]
Brazil,Brasilia,"
Brazil's new city of Brasília was carved out of the wilderness and completed in less than three years to replace Rio de Janeiro as the country's capital in 1960. The ambitious plan by Lúcio Costa and Oscar Niemeyer became a showpiece of city planning and avant-garde architecture, and it remains today as one of the world's few cities that represent a completed plan and a single architectural concept. Without the normal mix of residential and business districts, the entire governmental section is composed of major architectural highlights, which are the city's main tourist attractions. Some of the most striking surround Praça dos Tràs Poderes: the presidential palace, supreme court, and the two sharply contrasting congress buildings, plus the Historical Museum of Brasília and the Panteão da Liberdade (Pantheon of Freedom), designed by Oscar Niemeyer. That architect's best-known building in the city is the circular Catedral Metropolitana Nossa Senhora Aparecida, whose curved concrete columns rise to support a glass roof. Another of Niemeyer's landmark works is the Palácio dos Arcos, surrounded by beautiful gardens designed by Brazilian landscape architect Roberto Burle Marx, who worked with Niemeyer on several projects throughout Brazil. "", ""The round Memorial dos Povos Indígenas (Museum of Indigenous People) is patterned after a traditional Yąnomamö round house. But many consider Niemeyer's finest work to be the Monumento JK, a memorial to President Juscelino Kubitschek, the founder of Brasilia.  Brasilia has been named a UNESCO World Heritage city.","['//upload.wikimedia.org/wikipedia/commons/thumb/9/94/Brasilia_aerea_eixo_monumental.jpg/620px-Brasilia_aerea_eixo_monumental.jpg', '//upload.wikimedia.org/wikipedia/commons/thumb/d/d8/Federal_District%2C_Brazil%2C_from_space.jpg/620px-Federal_District%2C_Brazil%2C_from_space.jpg', '//upload.wikimedia.org/wikipedia/commons/thumb/f/f2/Catedral_Metropolitana_de_Bras%C3%ADlia_2.jpg/620px-Catedral_Metropolitana_de_Bras%C3%ADlia_2.jpg', '//upload.wikimedia.org/wikipedia/commons/thumb/6/61/Igreja_Ortodoxa_Sao_Jorge_DF_03.jpg/620px-Igreja_Ortodoxa_Sao_Jorge_DF_03.jpg', '//upload.wikimedia.org/wikipedia/commons/thumb/4/4a/Pal%C3%A1cio_do_Buriti_%28vista_lateral%29.jpg/620px-Pal%C3%A1cio_do_Buriti_%28vista_lateral%29.jpg', '//upload.wikimedia.org/wikipedia/commons/thumb/d/d6/C%C3%A2mara_Legislativa_do_Distrito_Federal_2012.jpg/620px-C%C3%A2mara_Legislativa_do_Distrito_Federal_2012.jpg', '//upload.wikimedia.org/wikipedia/commons/thumb/7/70/Complexo_Cultural_interior.jpg/670px-Complexo_Cultural_interior.jpg', '//upload.wikimedia.org/wikipedia/commons/thumb/5/55/BrasiliaBanNacional.jpg/670px-BrasiliaBanNacional.jpg', '//upload.wikimedia.org/wikipedia/commons/thumb/3/3e/Brasilia_aerea_torredetv1304_4713.jpg/620px-Brasilia_aerea_torredetv1304_4713.jpg', '//upload.wikimedia.org/wikipedia/commons/thumb/f/f2/Webysther_20180212132345_-_Esplanada.jpg/900px-Webysther_20180212132345_-_Esplanada.jpg', '//upload.wikimedia.org/wikipedia/commons/thumb/c/cf/Catedral1_Rodrigo_Marfan.jpg/620px-Catedral1_Rodrigo_Marfan.jpg', '//upload.wikimedia.org/wikipedia/commons/thumb/f/f2/Palacio_Alvorada_commons.jpg/620px-Palacio_Alvorada_commons.jpg', '//upload.wikimedia.org/wikipedia/commons/thumb/5/5f/Planalto_panorama.jpg/620px-Planalto_panorama.jpg', '//upload.wikimedia.org/wikipedia/commons/thumb/1/13/Ponte_JK_Bras%C3%ADlia_Brazil.jpg/620px-Ponte_JK_Bras%C3%ADlia_Brazil.jpg', '//upload.wikimedia.org/wikipedia/commons/thumb/8/8b/Esplanada_dos_Minist%C3%A9rios_%2815232674849%29.jpg/620px-Esplanada_dos_Minist%C3%A9rios_%2815232674849%29.jpg', '//upload.wikimedia.org/wikipedia/commons/thumb/5/5a/Rodovi%C3%A1ria_do_Plano_Piloto.jpg/620px-Rodovi%C3%A1ria_do_Plano_Piloto.jpg', '//upload.wikimedia.org/wikipedia/commons/thumb/e/e4/Brasilia_Stadium_-_June_2013.jpg/620px-Brasilia_Stadium_-_June_2013.jpg']",https://www.google.com/maps/embed?pb=!1m18!1m12!1m3!1d491463.62242845766!2d-48.07729033570165!3d-15.774422744822465!2m3!1f0!2f0!3f0!3m2!1i1024!2i768!4f13.1!3m3!1m2!1s0x935a3d18e45b91a3%3A0x24e8d3620bd85d7f!2sBrasilia%20-%20Federal%20District%2C%20Brazil!5e0!3m2!1sen!2sin!4v1601091288495!5m2!1sen!2sin,"['Royal Tulip Bras�lia Alvorada', 'Windsor Plaza Bras�lia Hotel', 'Cullinan Hplus Premium', 'Mercure Brasilia Lider Hotel', 'Bras�lia Apart Hot�is']","['Cathedral of Bras�lia', 'JK Memorial', 'Three Powers Plaza', 'Esplanade of Ministries', 'Digital TV Tower']","['Mangai', 'Restaurante Universal', 'Coco Bambu', 'Brasil Vexado (Sudoeste)', 'Marmita Fitness em Brasilia - ChefeDF']"
Chile,Torres Del Paine National Park,"
One of Chile's most important natural areas and an increasingly popular travel destination is the spectacular Torres del Paine National Park. Situated more than 100 kilometers north of the city of Puerto Natales in southern Patagonia, this stunningly beautiful area encompasses mountains, glaciers, and countless lakes and rivers. The most important region of the park is the Cordillera del Paine, an area that marks the transition from the Patagonia steppe to the subpolar forests of the north. Perhaps the most notable of its many wonderful features are the three 2,850-meter-tall granite peaks of the Paine Massif, which dominate this already breathtaking scenery. Hiking is one of the park's most popular activities, with numerous well-marked trails, many offering overnight shelters (refugios) with the basics needed for longer treks that circle the mountains. If you're planning on anything more than a day's hiking, professional guides are recommended and, in some areas, mandatory. One of the top guided tours of the park is the five-day W Trek, one of the top hikes in Patagonia. This 71-kilometer route takes in some of the top points of interest in Patagonia, including the massive Glacier Grey and the mountains of Paine Grande.","['//upload.wikimedia.org/wikipedia/commons/thumb/c/ce/Torres_del_Paine_y_cuernos_del_Paine%2C_montaje.jpg/684px-Torres_del_Paine_y_cuernos_del_Paine%2C_montaje.jpg', '//upload.wikimedia.org/wikipedia/commons/thumb/a/ac/Mirador_Base_de_Las_Torres.jpg/620px-Mirador_Base_de_Las_Torres.jpg', '//upload.wikimedia.org/wikipedia/commons/thumb/b/b3/TDP2_Stevage.jpg/620px-TDP2_Stevage.jpg', '//upload.wikimedia.org/wikipedia/commons/thumb/5/51/Valle_del_Frances.jpg/620px-Valle_del_Frances.jpg','//upload.wikimedia.org/wikipedia/commons/thumb/4/48/Patagonia-62_%2826027075260%29.jpg/650px-Patagonia-62_%2826027075260%29.jpg' ,'//upload.wikimedia.org/wikipedia/commons/thumb/3/3e/Sendero_%28torres_del_paine%29.jpg/620px-Sendero_%28torres_del_paine%29.jpg']",https://www.google.com/maps/embed?pb=!1m18!1m12!1m3!1d2513.994065370413!2d-73.40897658439656!3d-50.94232279941073!2m3!1f0!2f0!3f0!3m2!1i1024!2i768!4f13.1!3m3!1m2!1s0xbda51b0183dbaf07%3A0xbd9f2657451ace58!2sTorres%20del%20Paine%20National%20Park!5e0!3m2!1sen!2sin!4v1601091339108!5m2!1sen!2sin,"['Hotel Lago Grey - Torres del Paine Chile', 'Refugio V�rtice Paine Grande', 'Refugio Grey', 'Refugio Grey', 'Refugio V�rtice Paine Grande']","['Mirador Salto Grande', 'Mirador Torres Del Paine', 'Acceso serrano parque torres del paine', 'Mirador Lago Grey', 'Glaciar Los Perros']","['El Ovejero', 'Hosteria Pehoe', 'Explora Patagonia Hotel Salto Chico', 'Restaurant Pehoe Barbecue', 'Restaurante Pehoe']"
Chile,Valle De La Luna And The Atacama Desert,"
Valle de la Luna, which literally translates as Valley of the Moon, lies 13 kilometers west of San Pedro de Atacama at the north end of the country, near its border with Bolivia, and can be accessed via well-marked bike trails, tour buses, or self-drive car rentals. This rugged, inhospitable looking landscape in the heart of the Atacama Desert attracts many visitors for its eerie resemblance to the surface of the moon, an effect caused by the erosion of its sand and stone features by wind and water over countless millennia. Despite its remoteness, though, this surprisingly beautiful landscape has sustained life for centuries, both human as well as that of numerous species of flora and fauna. Among its most interesting features are its dry lake beds-this is, after all, one of the driest places on the planet-which are dazzlingly white due to deposited salt, and prone to producing fascinating natural saline outcrops. Other notable features of the Atacama Desert are the region's many caverns, some containing evidence of pictographs created by early man and where some of the world's oldest mummies, preserved by the area's aridity, were found. The most famous of these, the Chinchorro mummies, are now on display at the archaeological museum in San Miguel de Azapa.","['//upload.wikimedia.org/wikipedia/commons/thumb/e/e0/Valle_della_Luna_01.jpg/600px-Valle_della_Luna_01.jpg', '//upload.wikimedia.org/wikipedia/commons/thumb/f/fb/Valle_de_la_Luna_Sunset.jpg/696px-Valle_de_la_Luna_Sunset.jpg', '//upload.wikimedia.org/wikipedia/commons/thumb/5/5b/Atacama_desert_-_Luna_valey.jpg/620px-Atacama_desert_-_Luna_valey.jpg','//upload.wikimedia.org/wikipedia/commons/thumb/a/ae/Snow_Comes_to_the_Atacama_Desert.jpg/620px-Snow_Comes_to_the_Atacama_Desert.jpg','//upload.wikimedia.org/wikipedia/commons/thumb/b/bb/Atacama_Desert_between_Antofagasta_and_Taltal.jpg/620px-Atacama_Desert_between_Antofagasta_and_Taltal.jpg','//upload.wikimedia.org/wikipedia/commons/thumb/4/4a/A_trip_to_Mars.jpg/620px-A_trip_to_Mars.jpg','//upload.wikimedia.org/wikipedia/commons/thumb/1/1a/Chuquicamata-003_02.jpg/220px-Chuquicamata-003_02.jpg']",https://www.google.com/maps/embed?pb=!1m18!1m12!1m3!1d14594.956166928994!2d-69.14160387535861!3d-23.86339862912635!2m3!1f0!2f0!3f0!3m2!1i1024!2i768!4f13.1!3m3!1m2!1s0x96af46527fef1c47%3A0x34dbbb7aa8223dc!2sAtacama%20Desert!5e0!3m2!1sen!2sin!4v1601091518904!5m2!1sen!2sin,['Atacama Desert'],['Atacama Desert'],['Atacama Desert']
Chile,Easter Island & Rapa Nui National Park,"
First visited by Europeans in 1722, the magnificent yet remote Easter Island-so named by a Dutch Explorer who first set eyes on it on Easter Sunday- has been inhabited for thousands of years by Polynesians. Despite being more than 3,500 kilometers away from mainland Chile, this fascinating island with its remarkable stone sculptures remains the country's most recognizable attraction. All told, 887 of these statues, known as Moai-created by the island's early Rapa Nui population-have been identified, most of them now protected by Rapa Nui National Park (the island itself has been declared a UNESCO World Heritage Site). The most impressive collection is at Ahu Tongariki where 15 of them have been re-erected on the island's largest Moai platform, or ahu. Rapa Nu is also where you'll find one of the country's best beaches, Anakena, a beautiful yet short stretch of white coral sand that's the perfect spot for a break from hiking. Also of interest are the many hare paenga ruins near ahu sites consisting of stones that once formed the foundation of boat-shaped houses. Other highlights include the Father Sebastian Englert Anthropological Museum in Hanga Roa, the island\'s main community, notable for its exhibits relating to the history of the Polynesian islanders and their traditions.","['//upload.wikimedia.org/wikipedia/commons/thumb/a/a2/Moai_Rano_raraku.jpg/600px-Moai_Rano_raraku.jpg', '//upload.wikimedia.org/wikipedia/commons/thumb/0/0d/Orongohaeuser.jpg/620px-Orongohaeuser.jpg', '//upload.wikimedia.org/wikipedia/commons/thumb/c/c8/Ahu_Tahai.jpg/620px-Ahu_Tahai.jpg', '//upload.wikimedia.org/wikipedia/commons/thumb/7/7b/Rano-Kau-Crater-Gap-2013.jpg/620px-Rano-Kau-Crater-Gap-2013.jpg', '//upload.wikimedia.org/wikipedia/commons/thumb/8/86/Parque_Nacional_Rapa_Nui.jpg/620px-Parque_Nacional_Rapa_Nui.jpg', '//upload.wikimedia.org/wikipedia/commons/thumb/a/aa/Moai_Easter_Island_geod0095.jpg/677px-Moai_Easter_Island_geod0095.jpg', '//upload.wikimedia.org/wikipedia/commons/thumb/4/40/Rano_Raraku_quarry.jpg/620px-Rano_Raraku_quarry.jpg', '//upload.wikimedia.org/wikipedia/commons/thumb/f/f5/Rano-Raraku-from-South.jpg/620px-Rano-Raraku-from-South.jpg','//upload.wikimedia.org/wikipedia/commons/thumb/7/75/Moais%2C_Isla_de_Pascua._-_panoramio.jpg/650px-Moais%2C_Isla_de_Pascua._-_panoramio.jpg','//upload.wikimedia.org/wikipedia/commons/thumb/a/a5/Rapa-Nui-Landscape.jpg/620px-Rapa-Nui-Landscape.jpg']",https://www.google.com/maps/embed?pb=!1m18!1m12!1m3!1d3552.64749611718!2d-109.35076738528925!3d-27.07287260642276!2m3!1f0!2f0!3f0!3m2!1i1024!2i768!4f13.1!3m3!1m2!1s0x9947fbd27d536959%3A0x932dd5c676690677!2sRapa%20Nui%20Parque%20Nacional!5e0!3m2!1sen!2sin!4v1601091584458!5m2!1sen!2sin,"['Hotel Hare Uta', 'Explora Rapa Nui', 'Easter Island Eco Lodge', 'Hotel Vai Moana', 'Hangaroa Eco Village & Spa']",[],[]
Chile,Santiago,"
Santiago is not only the financial and business capital of Chile, it also serves as the country's cultural and entertainment center and is home to endless fun things to do, including visiting its best museums and galleries, along with excellent shopping, dining, and hotel options. Centrally located and the country's main transportation hub, Santiago is where most visitors begin their Chilean travels before heading to the Andes or other areas of outstanding natural beauty, such as Easter Island. The smartest travelers, though, will allow time in their Chile travel itinerary to get to know Santiago. Founded in 1541 and relatively crowd-free, the city features points of interest such as the Centro Cultural Palacio La Moneda, a state-of-the-art cultural center occupying part of the impressive Palacio de la Moneda, and the Chilean National Museum of Fine Arts (Museo Nacional de Bellas Artes), established in the 1880s with a focus on Chilean artists and boasting a large permanent collection of paintings, sculptures, and photos. Other must-sees are the excellent Museum of Pre-Columbian Art (Museo Chileno de Arte Precolombino), featuring collections relating to the country's native people, and the Museum of Memory and Human Rights (Museo de la Memoria y los Derechos Humanos) commemorating those who suffered under the Pinochet regime. A highlight of any visit to Santiago is taking the aerial tramway to San Cristóbal Hill for its stunning views over this most hospitable of cities, along with interesting attractions, including an observatory, a 22-meter-tall statue of the Blessed Virgin Mary, and an amphitheater. Be sure to also spend time enjoying Santiago Metropolitan Park (Parque Metropolitano de Santiago), a huge urban green space, with a botanical garden, the Chilean National Zoo, and a funicular railway.","['//upload.wikimedia.org/wikipedia/commons/thumb/3/35/Cerro_Santa_Luc%C3%ADa%2C_Santiago..jpg/620px-Cerro_Santa_Luc%C3%ADa%2C_Santiago..jpg', '//upload.wikimedia.org/wikipedia/commons/thumb/5/5c/El_Metro_en_Maip%C3%BA.jpg/620px-El_Metro_en_Maip%C3%BA.jpg', '//upload.wikimedia.org/wikipedia/commons/thumb/f/f4/Gran_Torre_Santiago%2C_Costanera_Center_%2824847266437%29.jpg/620px-Gran_Torre_Santiago%2C_Costanera_Center_%2824847266437%29.jpg', '//upload.wikimedia.org/wikipedia/commons/thumb/4/44/El_Colorado_ski.jpg/626px-El_Colorado_ski.jpg', '//upload.wikimedia.org/wikipedia/commons/thumb/9/93/J25_311_Cerro_San_Crist%C3%B3bal%2C_Richtung_Andenkette.jpg/670px-J25_311_Cerro_San_Crist%C3%B3bal%2C_Richtung_Andenkette.jpg', '//upload.wikimedia.org/wikipedia/commons/thumb/8/81/La_Reina_desde_Las_Condes%2C_Chile.jpg/640px-La_Reina_desde_Las_Condes%2C_Chile.jpg', '//upload.wikimedia.org/wikipedia/commons/thumb/c/c0/Santiago_de_Chile.jpg/640px-Santiago_de_Chile.jpg', '//upload.wikimedia.org/wikipedia/commons/thumb/e/e3/Santiago_de_Chile%2C_Desde_Cerro_San_Crist%C3%B3bal.jpg/1030px-Santiago_de_Chile%2C_Desde_Cerro_San_Crist%C3%B3bal.jpg', '//upload.wikimedia.org/wikipedia/commons/thumb/f/f6/Museo_de_Arte_Contempor%C3%A1neo_Santiago2.jpg/660px-Museo_de_Arte_Contempor%C3%A1neo_Santiago2.jpg', '//upload.wikimedia.org/wikipedia/commons/thumb/a/ae/Bellasartes.jpg/660px-Bellasartes.jpg', '//upload.wikimedia.org/wikipedia/commons/thumb/5/5a/Excongreso.jpg/660px-Excongreso.jpg', '//upload.wikimedia.org/wikipedia/commons/thumb/e/ec/Catedral_Metropolitana_de_Santiago.jpg/620px-Catedral_Metropolitana_de_Santiago.jpg', '//upload.wikimedia.org/wikipedia/commons/thumb/f/f7/Centro_Gabriela_Mistral-002.jpg/620px-Centro_Gabriela_Mistral-002.jpg','//upload.wikimedia.org/wikipedia/commons/thumb/f/fe/Museo_Nacional_de_Bellas_Artes%2C_Santiago_de_Chile..jpg/688px-Museo_Nacional_de_Bellas_Artes%2C_Santiago_de_Chile..jpg']",https://www.google.com/maps/embed?pb=!1m18!1m12!1m3!1d426000.9651290126!2d-70.91002430419228!3d-33.47189989735013!2m3!1f0!2f0!3f0!3m2!1i1024!2i768!4f13.1!3m3!1m2!1s0x9662c5410425af2f%3A0x8475d53c400f0931!2sSantiago%2C%20Santiago%20Metropolitan%20Region%2C%20Chile!5e0!3m2!1sen!2sin!4v1601091640236!5m2!1sen!2sin,"['Mandarin Oriental, Santiago', 'Hotel Plaza San Francisco', 'ibis Santiago Estacion Central', 'Hotel Cumbres Lastarria', 'DoubleTree by Hilton Hotel Santiago - Vitacura']","['Sky Costanera', 'Santiago Metropolitan Cathedral', 'Museo Chileno de Arte Precolombino', 'Plaza de Armas', 'Parque Tupahue']","['Saffron Chile', 'Bocan�riz', 'Castillo Forestal', 'New Horizon', 'Peumay�n Ancestral Food']"
Chile,Lauca National Park,"
Located in the far north of Chile, just 140 kilometers east of the city of Arica, Lauca National Park (Parque Nacional Lauca) covers an area of 1,300 square kilometers and consists largely of high plains and mountain ranges, many of the latter comprised of large volcanoes. Highlights include hiking around its many pristine mountain lakes, most notably Cotacotani and Chungara, which reflect the scenery around them to stunning effect. The park also features a number of important archaeological sites, as well as evidence of the early European settlers who left their mark in the region's many fine old colonial churches and buildings. It's also especially popular for bird-watchers and is home to more than 140 species, including Andean geese, crested ducks, Chilean flamingos, and the massive Andean condor. Another beautiful area popular with nature lovers is Conguillío National Park (Parque Nacional Conguillío), also in the Araucanía Region of the Andes.","['//upload.wikimedia.org/wikipedia/commons/thumb/a/a7/Parinacota_volcano.jpg/684px-Parinacota_volcano.jpg', '//upload.wikimedia.org/wikipedia/commons/thumb/0/01/Chungara_Lake_and_Volcan_Sajama_Chile_Luca_Galuzzi_2006.jpg/720px-Chungara_Lake_and_Volcan_Sajama_Chile_Luca_Galuzzi_2006.jpg','//upload.wikimedia.org/wikipedia/commons/d/de/Lac_chungarà.jpg','//upload.wikimedia.org/wikipedia/commons/6/6a/Chile_lauca_morgen.jpg']",https://www.google.com/maps/embed?pb=!1m18!1m12!1m3!1d60632.49099700668!2d-69.34907502089848!3d-18.2314781!2m3!1f0!2f0!3f0!3m2!1i1024!2i768!4f13.1!3m3!1m2!1s0x915a7254eefae463%3A0x983db8b01b57424c!2sLauca%20National%20Park!5e0!3m2!1sen!2sin!4v1601091703430!5m2!1sen!2sin,"['Terrace Lodge & Tours', 'Las Vicu�as', 'Hotel KuKuli', 'Hotel Q�antati', 'Vientos del Altiplano']","['Lauca National Park', 'Parinacota church', 'Las Vicu�as National Reserve', 'Suriplaza', 'Lauca']",[]
Chile,Valle Nevado,"
Once a well-kept secret, the fact that Chile is home to some of the world's best skiing is now common knowledge among skiers. By far the most popular ski area in South America, the Valle Nevado (Snowy Valley) resort region in the El Plomo foothills of the Andes is well-served by public transit from the country's capital of Santiago, located just 46 kilometers west of the slopes. Established in 1988, the ski resort covers a vast area and has grown rapidly in the time since. Boasting mostly clear skies and great snow thanks to its high elevation-it's 3,000 meters above sea level and is skiable 112 days a year-the resort features 37 trails and 11 lifts, and is as popular with beginner families as it is with seasoned skiers and snowboarders.","['//upload.wikimedia.org/wikipedia/commons/thumb/8/82/Vista_de_Valle_Nevado.jpg/640px-Vista_de_Valle_Nevado.jpg', '//upload.wikimedia.org/wikipedia/commons/thumb/b/bd/Top_Andes_express_lift.jpg/660px-Top_Andes_express_lift.jpg', '//upload.wikimedia.org/wikipedia/commons/thumb/3/39/Valle_nevado_gondola.jpg/620px-Valle_nevado_gondola.jpg', '//upload.wikimedia.org/wikipedia/commons/thumb/a/a0/Valle_nevado_eclipse_run.jpg/660px-Valle_nevado_eclipse_run.jpg']",https://www.google.com/maps/embed?pb=!1m18!1m12!1m3!1d1666.329079150962!2d-70.25001574194486!3d-33.35387945477478!2m3!1f0!2f0!3f0!3m2!1i1024!2i768!4f13.1!3m3!1m2!1s0x967d309860413ba3%3A0x79ade5bbf9ca2919!2sValle%20Nevado%20(Chile)!5e0!3m2!1sen!2sin!4v1601091780310!5m2!1sen!2sin,"['Hotel Valle Nevado', 'Hotel Puerta Del Sol - Valle Nevado', 'Valle Nevado (Chile)', 'Valle Nevado Vip Apartment Ski Out-In', 'Hotel H F']","['La Parva', 'Parque Cordillera Yerba Loca', 'Sky Costanera', 'Valle Nevado (Chile)', 'Los Dominicos Park']",['Valle Nevado']
Chile,Mylodon Cave Natural Monument,"
As popular with sightseers as it is with nature lovers, the Mylodon Cave Natural Monument (El Monumento Natural Cueva del Milodón) is situated in the heart of the Patagonia area of Chile a short distance from Puerto Natales. Highlights of this fascinating natural wonder-part of the popular End of the World scenic drive-include a number of easy-to-access caves set around a formidable rock formation known as the Devil's Chair (Silla del Diablo). The main cave, known as the Milodón Cave, was where, in 1895, the well-preserved remains of a prehistoric Mylodon were discovered (a tall statue of this long-extinct creature marks the spot where the discovery was made), along with remnants of other ancient animals and even human bones. This impressive cave is some 200 meters deep, and it's fun to explore. If you've got time, take the marked trail that leads to the top of the cave, where you'll enjoy spectacular views over the nearby Eberhard fjord. Other fun things to do include exploring the park's many other hiking trails, which include a number of raised sections at tree height that are fun to walk.","['//upload.wikimedia.org/wikipedia/commons/4/45/Milodon_cave.JPG','//upload.wikimedia.org/wikipedia/commons/4/4c/Milodon.JPG','//upload.wikimedia.org/wikipedia/commons/a/ad/Silla_del_diablo.JPG',//upload.wikimedia.org/wikipedia/commons/thumb/3/39/Cueva_del_Milodon-CTJ-IMG_6807.jpg/240px-Cueva_del_Milodon-CTJ-IMG_6807.jpg', '//upload.wikimedia.org/wikipedia/commons/thumb/e/e3/Cueva_del_Milodon-CTJ-IMG_6811.jpg/277px-Cueva_del_Milodon-CTJ-IMG_6811.jpg', '//upload.wikimedia.org/wikipedia/commons/thumb/2/2e/Cueva_del_Milodon-CTJ-IMG_6809.jpg/271px-Cueva_del_Milodon-CTJ-IMG_6809.jpg']",https://www.google.com/maps/embed?pb=!1m18!1m12!1m3!1d2479.9256369473883!2d-72.60719398436802!3d-51.56959674531592!2m3!1f0!2f0!3f0!3m2!1i1024!2i768!4f13.1!3m3!1m2!1s0xbdaff01b7a782e95%3A0xaf34c0382a6eebb9!2sMylodon%20Cave%20Natural%20Monument!5e0!3m2!1sen!2sin!4v1601091830741!5m2!1sen!2sin,"['Weskar Lodge', 'Simple Patagonia', 'The Singular Patagonia, Puerto Bories Hotel', 'Garden Domes', 'Noi Indigo Patagonia']","['Cueva del Medio', 'Laguna Sofia', 'Monument Of Milodon', 'Monumento de la Mano', 'Mirador Dorotea']",[]
